Date,Track,Race,Greyhound,Box,Odds,Position,Win,Profit,HistAvgSplit,PredictedSplit,PIRRank,HistAvgPace,PaceRank,CareerMoney,PriorRaces,Strategy
2025-01-01,Sale,6,STARLIGHT TYSON,2,16.1,2,False,-1.0,2.77,2.57,1.0,-8.43,6.0,60685,109,PIR + Money Only
2025-01-02,Warrnambool,5,DR. MATRIX,2,22.1,4,False,-1.0,3.27,3.07,1.0,-10.32,6.0,41205,143,PIR + Money Only
2025-01-03,Warragul,4,IDYLLIC JAMES,1,17.1,5,False,-1.0,2.13,1.83,1.0,-3.13,5.0,31340,15,PIR + Money Only
2025-01-03,Warragul,7,CRUISING DEBBIE,5,16.9,6,False,-1.0,1.7,1.7,1.0,-5.23,3.0,257947,37,PIR + Pace Top 3 + Money
2025-01-04,Ipswich,10,ASTON PISTON,5,16.0,7,False,-1.0,4.1,4.1,1.0,-11.75,8.0,30525,73,PIR + Money Only
2025-01-04,The Meadows,7,OUR REGARDS,8,16.3,6,False,-1.0,2.72,3.02,1.0,-2.97,6.0,38760,18,PIR + Money Only
2025-01-05,Healesville,11,CRUELLA,1,21.6,7,False,-1.0,2.51,2.21,1.0,-6.33,5.0,31520,59,PIR + Money Only
2025-01-06,Albion Park,4,MINTER FORMULA,6,31.0,7,False,-1.0,3.3,3.4,1.0,-10.27,6.0,90325,81,PIR + Money Only
2025-01-07,Geelong,11,BONNIE GAL,4,21.0,3,False,-1.0,3.09,3.09,1.0,-8.29,4.0,30630,69,PIR + Money Only
2025-01-07,Gosford,5,CADDIE'S GIRL,2,21.0,1,True,20.0,2.82,2.62,1.0,-8.96,7.0,39845,49,PIR + Money Only
2025-01-07,Hobart,8,THUMPING,2,21.0,2,False,-1.0,2.89,2.69,1.0,-12.7,5.0,33515,37,PIR + Money Only
2025-01-08,Ballarat,13,PAW QUARK,2,16.0,1,True,15.0,2.4,2.2,1.0,-5.55,6.0,31650,15,PIR + Money Only
2025-01-08,Cannington,12,REALLY SIRIUS,6,45.3,8,False,-1.0,3.77,3.87,1.0,-8.05,5.0,37085,73,PIR + Money Only
2025-01-09,Richmond (RIS),9,JAZZY ETHICS,5,15.0,6,False,-1.0,2.34,2.34,1.0,-3.02,8.0,47935,38,PIR + Money Only
2025-01-09,Sandown Park,1,MONEY PALACE,3,23.7,3,False,-1.0,4.74,4.64,1.0,-12.3,2.0,32057,19,PIR + Pace Top 3 + Money
2025-01-09,Warragul,5,LOCKED AND READY,5,16.0,3,False,-1.0,3.38,3.38,1.0,-10.26,6.0,46061,200,PIR + Money Only
2025-01-10,Geelong,6,JUDY'S REDEEMER,7,48.0,3,False,-1.0,2.9,3.1,1.0,-7.41,5.0,38435,79,PIR + Money Only
2025-01-10,Healesville,12,ELLIOTT NESS,1,47.7,3,False,-1.0,3.51,3.21,1.0,-7.82,6.0,51908,273,PIR + Money Only
2025-01-11,The Meadows,11,ASTON ZOOM,7,42.0,6,False,-1.0,2.43,2.63,1.0,-5.5,5.0,46010,49,PIR + Money Only
2025-01-13,Launceston,7,AWESOME ROCKY,1,21.0,3,False,-1.0,3.71,3.41,1.0,-13.02,4.0,30265,41,PIR + Money Only
2025-01-13,Warrnambool,5,SOLACE,6,30.7,6,False,-1.0,3.66,3.76,1.0,-7.49,7.0,55435,89,PIR + Money Only
2025-01-14,Geelong,8,STAR OF VENUS,1,16.0,4,False,-1.0,3.18,2.88,1.0,-7.94,3.0,49636,65,PIR + Pace Top 3 + Money
2025-01-14,Gosford,1,WINIFRED NORA,4,15.0,3,False,-1.0,4.17,4.17,1.0,-18.71,1.0,45575,6,PIR + Pace Leader + Money
2025-01-14,Horsham,6,MISTER CADILLAC,5,18.1,6,False,-1.0,2.92,2.92,1.0,-4.72,7.0,37370,62,PIR + Money Only
2025-01-14,Ipswich,3,SCENIC COURT,5,17.0,7,False,-1.0,2.64,2.64,1.0,-7.23,7.0,30675,39,PIR + Money Only
2025-01-15,Albion Park,7,EMERALD DRAGON,2,23.0,4,False,-1.0,2.8,2.6,1.0,-8.05,8.0,77460,65,PIR + Money Only
2025-01-15,Ballarat,5,KALUNA CHAOS,2,16.5,4,False,-1.0,3.55,3.35,1.0,-8.21,7.0,30587,47,PIR + Money Only
2025-01-15,Ballarat,9,GAS LANTERN,7,16.1,1,True,15.1,1.98,2.18,1.0,-5.27,3.0,57252,41,PIR + Pace Top 3 + Money
2025-01-15,Ballarat,10,DAWNY BY NAME,5,19.5,3,False,-1.0,2.17,2.17,1.0,-7.45,2.0,40180,48,PIR + Pace Top 3 + Money
2025-01-15,Gawler,6,ZOE ROSE,1,26.0,4,False,-1.0,4.11,3.81,1.0,-11.95,4.0,42152,61,PIR + Money Only
2025-01-16,Sandown Park,7,GO GO EVIE,5,16.6,7,False,-1.0,2.38,2.38,1.0,-5.15,5.0,47125,32,PIR + Money Only
2025-01-16,Warragul,6,VEGA BLACK,2,44.2,8,False,-1.0,4.73,4.53,1.0,-12.81,5.0,44025,73,PIR + Money Only
2025-01-16,Warrnambool,8,ASTON AURELIA,5,33.6,7,False,-1.0,2.36,2.36,1.0,-5.49,5.0,36307,33,PIR + Money Only
2025-01-18,The Meadows,4,GARRY STUN ON,8,33.9,3,False,-1.0,3.22,3.52,1.0,-9.9,4.0,174600,92,PIR + Money Only
2025-01-18,The Meadows,11,ASTON ZOOM,2,15.5,6,False,-1.0,2.4,2.2,1.0,-5.63,7.0,46010,50,PIR + Money Only
2025-01-20,Warrnambool,13,HOSEY SIDEKICK,3,19.3,2,False,-1.0,3.08,2.98,1.0,-10.62,6.0,30375,125,PIR + Money Only
2025-01-21,Dport @ LCN,6,SAINT ZAC,5,17.0,4,False,-1.0,2.29,2.29,1.0,-7.37,8.0,96592,76,PIR + Money Only
2025-01-22,Bendigo,4,LEKTRA APRIL,2,16.0,7,False,-1.0,3.25,3.05,1.0,-9.13,6.0,34488,85,PIR + Money Only
2025-01-22,Meadows (MEP),7,FIGHTING BOXER,2,36.3,7,False,-1.0,4.1,3.9,1.0,-10.8,3.0,45485,107,PIR + Pace Top 3 + Money
2025-01-23,Albion Park,10,SERENE EQUITY,5,16.0,5,False,-1.0,2.74,2.74,1.0,-12.21,3.0,55890,34,PIR + Pace Top 3 + Money
2025-01-23,Hobart,4,BUCKLE UP KAVI,1,41.0,8,False,-1.0,3.33,3.03,1.0,-9.76,5.0,47360,43,PIR + Money Only
2025-01-23,Ipswich,2,MR. SINGHA,3,23.0,7,False,-1.0,3.44,3.34,1.0,-9.93,8.0,39375,55,PIR + Money Only
2025-01-23,Sandown Park,9,ROCK IT QUEEN,5,18.0,5,False,-1.0,2.72,2.72,1.0,-6.72,3.0,32805,25,PIR + Pace Top 3 + Money
2025-01-26,Healesville,8,GOT FLAIR,1,21.1,6,False,-1.0,3.45,3.15,1.0,-6.68,1.0,31055,31,PIR + Pace Leader + Money
2025-01-27,Shepparton,13,FURIOUS ANGEL,1,16.7,2,False,-1.0,3.54,3.24,1.0,-10.02,2.0,36750,89,PIR + Pace Top 3 + Money
2025-01-28,Bulli,2,PURIFY VIRTUOSO,4,19.0,2,False,-1.0,3.45,3.45,1.0,-9.14,4.0,62650,211,PIR + Money Only
2025-01-28,Geelong,7,SILVER TAQUISHA,2,16.0,7,False,-1.0,3.55,3.35,1.0,-10.59,2.0,30945,73,PIR + Pace Top 3 + Money
2025-01-29,Albion Park,6,FLAMING GALAH,4,23.0,6,False,-1.0,2.96,2.96,1.0,-9.16,7.0,70705,53,PIR + Money Only
2025-01-29,Ballarat,11,DAWNY BY NAME,2,16.0,1,True,15.0,2.16,1.96,1.0,-7.3,2.0,40180,49,PIR + Pace Top 3 + Money
2025-01-30,Angle Park,7,BEN TANGO,1,21.0,6,False,-1.0,2.43,2.13,1.0,-7.75,2.0,32745,35,PIR + Pace Top 3 + Money
2025-01-30,Warrnambool,6,MANGO CANS,3,24.7,6,False,-1.0,2.42,2.32,1.0,-7.41,5.0,32545,24,PIR + Money Only
2025-01-31,The Gardens,12,TRY CATCH JETT,3,21.0,7,False,-1.0,3.41,3.31,1.0,-10.96,8.0,36445,80,PIR + Money Only
2025-02-03,Maitland,11,FAT BOY'S CHARM,3,17.0,2,False,-1.0,3.41,3.31,1.0,-11.37,5.0,130085,182,PIR + Money Only
2025-02-04,Geelong,12,LOCKED AND READY,3,26.0,3,False,-1.0,3.4,3.3,1.0,-10.24,7.0,46061,202,PIR + Money Only
2025-02-05,Ballarat,9,DIMORA CRUZ,1,24.0,3,False,-1.0,3.9,3.6,1.0,-9.17,2.0,62860,101,PIR + Pace Top 3 + Money
2025-02-06,Albion Park,10,OBLIGING WARREN,1,18.0,4,False,-1.0,3.29,2.99,1.0,-12.45,2.0,105460,69,PIR + Pace Top 3 + Money
2025-02-06,Dapto,5,DAWNY DREAM,1,31.0,3,False,-1.0,3.02,2.72,1.0,-11.57,4.0,50902,60,PIR + Money Only
2025-02-06,Sandown Park,12,ASTON MONARCHY,7,18.7,8,False,-1.0,2.28,2.48,1.0,-7.53,7.0,31232,54,PIR + Money Only
2025-02-06,Warrnambool,9,CRUISIN' CHERRY,2,29.4,5,False,-1.0,2.21,2.01,1.0,-8.16,4.0,35803,47,PIR + Money Only
2025-02-07,Goulburn,6,ZIGGY GIRL,4,31.0,3,False,-1.0,3.51,3.51,1.0,-11.19,1.0,39935,57,PIR + Pace Leader + Money
2025-02-08,The Meadows,3,HONEY ZEN,2,21.4,6,False,-1.0,1.83,1.63,1.0,-9.23,2.0,69985,29,PIR + Pace Top 3 + Money
2025-02-09,Healesville,12,GENERAL WINSTON,4,18.4,5,False,-1.0,2.78,2.78,1.0,-3.99,8.0,67565,58,PIR + Money Only
2025-02-09,Sale,7,MAN OF COURAGE,2,25.0,5,False,-1.0,2.51,2.31,1.0,-6.12,2.0,42520,61,PIR + Pace Top 3 + Money
2025-02-10,Launceston,5,BLACK DANGER,8,31.0,4,False,-1.0,2.98,3.28,1.0,-8.64,6.0,74325,58,PIR + Money Only
2025-02-10,Shepparton,9,TICK RETURNS,2,24.1,7,False,-1.0,2.57,2.37,1.0,-10.32,1.0,30425,14,PIR + Pace Leader + Money
2025-02-11,Gosford,10,TRY CATCH JETT,1,23.0,5,False,-1.0,3.46,3.16,1.0,-11.09,6.0,36445,81,PIR + Money Only
2025-02-13,Albion Park,2,CALDER,1,26.0,5,False,-1.0,3.81,3.51,1.0,-13.31,3.0,93725,141,PIR + Pace Top 3 + Money
2025-02-13,Warrnambool,6,DOUBLE DENIM,3,23.2,3,False,-1.0,2.97,2.87,1.0,-8.48,3.0,56105,29,PIR + Pace Top 3 + Money
2025-02-14,Geelong,10,NOCTILUCENT,7,21.0,7,False,-1.0,1.97,2.17,1.0,-4.86,4.0,42440,36,PIR + Money Only
2025-02-14,Healesville,9,OBSTROPALOUS,3,16.4,4,False,-1.0,3.54,3.44,1.0,-12.05,3.0,87403,54,PIR + Pace Top 3 + Money
2025-02-14,The Gardens,6,MESSY AND UNTIDY,5,17.0,2,False,-1.0,2.81,2.81,1.0,-9.89,6.0,32680,16,PIR + Money Only
2025-02-14,Warragul,6,GOT RHYTHM,5,15.1,7,False,-1.0,3.22,3.22,1.0,-4.87,3.0,50200,46,PIR + Pace Top 3 + Money
2025-02-15,Geelong,12,LITTLE EDWARD,6,29.6,4,False,-1.0,3.55,3.65,1.0,-6.72,8.0,34298,66,PIR + Money Only
2025-02-15,The Meadows,9,MEPUNGA SCARLETT,4,27.2,6,False,-1.0,1.89,1.89,1.0,-5.5,3.0,37738,9,PIR + Pace Top 3 + Money
2025-02-16,Albion Park,7,WHY HARMONY,2,16.0,7,False,-1.0,3.25,3.05,1.0,-10.7,7.0,45560,69,PIR + Money Only
2025-02-16,Healesville,10,POSH PAWS,2,18.6,4,False,-1.0,1.9,1.7,1.0,-1.1,6.0,33433,29,PIR + Money Only
2025-02-17,Nowra,6,DAWNY DREAM,6,31.0,6,False,-1.0,3.08,3.18,1.0,-11.53,5.0,50902,63,PIR + Money Only
2025-02-17,Shepparton,7,ASTON MONARCHY,8,15.3,3,False,-1.0,2.3,2.6,1.0,-7.74,2.0,31232,56,PIR + Pace Top 3 + Money
2025-02-18,Dport @ HOB,8,LEGENDARY DANGER,6,15.0,8,False,-1.0,2.94,3.04,1.0,-15.96,1.0,67920,35,PIR + Pace Leader + Money
2025-02-19,Ballarat,13,MAJOR PHANTOM,3,20.2,4,False,-1.0,3.08,2.98,1.0,-4.23,7.0,43125,74,PIR + Money Only
2025-02-19,Meadows (MEP),8,IVORY NARWHAL,2,19.2,4,False,-1.0,3.33,3.13,1.0,-10.41,2.0,42490,33,PIR + Pace Top 3 + Money
2025-02-20,Mandurah,4,SILLY OLD BEAR,5,23.0,7,False,-1.0,3.57,3.57,1.0,-5.56,5.0,37067,102,PIR + Money Only
2025-02-21,Ballarat,5,ASTON MONARCHY,2,22.5,6,False,-1.0,2.3,2.1,1.0,-7.63,2.0,31232,57,PIR + Pace Top 3 + Money
2025-02-23,Grafton,10,FLYING ZINGER,2,17.0,5,False,-1.0,3.31,3.11,1.0,-11.08,3.0,33950,54,PIR + Pace Top 3 + Money
2025-02-23,Healesville,3,BLACK COMPASS,2,17.6,8,False,-1.0,3.24,3.04,1.0,-5.16,7.0,94842,136,PIR + Money Only
2025-02-24,Maitland,11,TRY CATCH JETT,2,31.0,5,False,-1.0,3.48,3.28,1.0,-11.19,6.0,36445,82,PIR + Money Only
2025-02-25,Healesville,8,BUMPY'S DAD ROY,4,20.5,7,False,-1.0,3.19,3.19,1.0,-4.43,6.0,72945,101,PIR + Money Only
2025-02-27,Albion Park,7,DAYSEA'S ROWDY,1,21.0,6,False,-1.0,2.98,2.68,1.0,-8.64,6.0,148515,83,PIR + Money Only
2025-02-27,Angle Park,4,FEDERAL FLASH,5,17.0,3,False,-1.0,2.77,2.77,1.0,-7.52,5.0,60772,92,PIR + Money Only
2025-02-27,Angle Park,7,JUST ALFIE,3,16.0,5,False,-1.0,2.82,2.72,1.0,-10.74,4.0,36205,40,PIR + Money Only
2025-02-28,Horsham,6,RIVERSDALE MICK,7,30.9,3,False,-1.0,2.21,2.41,1.0,-5.73,4.0,47885,14,PIR + Money Only
2025-03-04,Healesville,8,POSH PAWS,5,21.6,3,False,-1.0,1.94,1.94,1.0,-0.85,3.0,33433,31,PIR + Pace Top 3 + Money
2025-03-04,Ipswich,2,TITANIUM GUNN,7,15.0,5,False,-1.0,2.88,3.08,1.0,-10.66,7.0,113895,48,PIR + Money Only
2025-03-06,Hobart,9,APRIL CRUISER,1,26.0,6,False,-1.0,2.75,2.45,1.0,-7.21,6.0,78845,68,PIR + Money Only
2025-03-06,Sandown Park,10,BEGGIN',5,19.6,7,False,-1.0,2.36,2.36,1.0,-5.72,7.0,36660,22,PIR + Money Only
2025-03-07,Horsham,8,EXTRADITED,4,16.5,4,False,-1.0,2.62,2.62,1.0,-5.61,4.0,63145,21,PIR + Money Only
2025-03-08,The Meadows,10,CHAPPY'S THIEF,1,19.9,5,False,-1.0,4.0,3.7,1.0,-7.78,6.0,33543,73,PIR + Money Only
2025-03-09,Healesville,6,LEAP OF FAITH,7,15.1,4,False,-1.0,2.6,2.8,1.0,-5.57,2.0,36980,30,PIR + Pace Top 3 + Money
2025-03-11,Dport @ LCN,5,BUCKLE UP ELISE,6,20.0,7,False,-1.0,2.47,2.57,1.0,-6.49,8.0,95125,62,PIR + Money Only
2025-03-11,Dport @ LCN,9,AWESOME CHILL,5,20.0,7,False,-1.0,4.18,4.18,1.0,-12.46,7.0,35245,60,PIR + Money Only
2025-03-13,Angle Park,6,AGENT NINETEEN,1,17.0,3,False,-1.0,2.79,2.49,1.0,-5.2,8.0,37110,67,PIR + Money Only
2025-03-13,Warrnambool,6,PAW TABITHA,6,22.6,4,False,-1.0,2.69,2.79,1.0,-4.42,7.0,37820,35,PIR + Money Only
2025-03-14,Geelong,5,NOCTILUCENT,2,15.1,7,False,-1.0,2.08,1.88,1.0,-5.15,7.0,42440,39,PIR + Money Only
2025-03-15,Cannington,4,FLAWS AND SINS,8,18.0,4,False,-1.0,2.58,2.88,1.0,-13.12,2.0,60624,26,PIR + Pace Top 3 + Money
2025-03-15,Cannington,10,HIPPY TRAIL,4,34.0,3,False,-1.0,3.64,3.64,1.0,-15.28,1.0,60702,59,PIR + Pace Leader + Money
2025-03-16,Sale,8,MADALIA ZOOM,1,44.0,6,False,-1.0,4.12,3.82,1.0,-9.98,5.0,46963,110,PIR + Money Only
2025-03-17,Mandurah,8,IMPACT MAC,5,16.0,7,False,-1.0,3.8,3.8,1.0,-9.19,1.0,55775,224,PIR + Pace Leader + Money
2025-03-17,Shepparton,5,RIVERSDALE MICK,4,38.6,8,False,-1.0,2.25,2.25,1.0,-5.05,3.0,47885,16,PIR + Pace Top 3 + Money
2025-03-18,Mandurah,9,TURTLE FERNANDO,1,15.0,5,False,-1.0,3.47,3.17,1.0,-4.56,7.0,55718,182,PIR + Money Only
2025-03-20,Albion Park,5,SPRINGTIME GOLD,5,34.0,8,False,-1.0,3.22,3.22,1.0,-10.7,7.0,176260,137,PIR + Money Only
2025-03-20,Albion Park,6,TITANIUM GUNN,5,17.0,6,False,-1.0,2.92,2.92,1.0,-10.89,8.0,113895,49,PIR + Money Only
2025-03-20,Dapto,4,NINJA MAC,3,21.0,6,False,-1.0,2.67,2.57,1.0,-6.7,8.0,58455,73,PIR + Money Only
2025-03-20,Wentworth Park,8,MESSY AND UNTIDY,1,21.0,6,False,-1.0,2.8,2.5,1.0,-9.89,3.0,32680,20,PIR + Pace Top 3 + Money
2025-03-21,Geelong,3,ASPERITAS,1,16.6,7,False,-1.0,2.2,1.9,1.0,-4.65,6.0,38910,46,PIR + Money Only
2025-03-21,Warragul,8,HOCUS POCUS,1,17.4,6,False,-1.0,3.22,2.92,1.0,-9.54,2.0,49255,46,PIR + Pace Top 3 + Money
2025-03-23,Healesville,9,GENERAL WINSTON,8,23.2,3,False,-1.0,2.83,3.13,1.0,-4.29,5.0,67565,64,PIR + Money Only
2025-03-25,Warragul,8,VALENCIA JIM,2,42.6,6,False,-1.0,2.91,2.71,1.0,-6.99,4.0,35620,56,PIR + Money Only
2025-03-26,Ballarat,12,TICK RETURNS,1,20.0,6,False,-1.0,2.4,2.1,1.0,-9.24,2.0,30425,20,PIR + Pace Top 3 + Money
2025-03-26,Gawler,4,MY MUM'S VALUE,1,19.0,4,False,-1.0,3.04,2.74,1.0,-6.02,4.0,49385,155,PIR + Money Only
2025-03-26,Meadows (MEP),5,BREAKDOWN,3,22.6,7,False,-1.0,3.12,3.02,1.0,-11.63,1.0,45425,56,PIR + Pace Leader + Money
2025-03-27,Sandown Park,8,COME TO PARTY,6,15.3,2,False,-1.0,2.36,2.46,1.0,-13.79,1.0,33740,11,PIR + Pace Leader + Money
2025-03-27,Wentworth Park,8,MENIKETTI,6,18.0,5,False,-1.0,2.6,2.7,1.0,-8.63,6.0,32400,15,PIR + Money Only
2025-03-29,Wentworth Park,4,CASARI,3,41.0,6,False,-1.0,2.27,2.17,1.0,-7.0,4.0,39035,22,PIR + Money Only
2025-03-29,Wentworth Park,9,CLASSIC ETHICS,7,23.0,3,False,-1.0,2.1,2.3,1.0,-8.69,2.0,38885,10,PIR + Pace Top 3 + Money
2025-03-29,Wentworth Park,10,CAWBOURNE APOLLO,1,34.0,5,False,-1.0,2.87,2.57,1.0,-9.49,2.0,85552,52,PIR + Pace Top 3 + Money
2025-03-30,Sale,7,GO STEVIE,2,21.0,3,False,-1.0,3.21,3.01,1.0,-7.81,4.0,43447,63,PIR + Money Only
2025-03-31,Mandurah,11,TRENDY MISS,3,26.0,5,False,-1.0,4.0,3.9,1.0,-11.66,2.0,35625,112,PIR + Pace Top 3 + Money
2025-04-02,Rockhampton,8,EDGEWOOD,2,19.0,6,False,-1.0,2.4,2.2,1.0,-4.25,7.0,101900,47,PIR + Money Only
2025-04-03,Albion Park,9,SPRINGTIME GOLD,2,21.0,5,False,-1.0,3.25,3.05,1.0,-10.72,5.0,176260,138,PIR + Money Only
2025-04-04,Geelong,10,SWEET SUNDOWN,3,15.9,8,False,-1.0,2.42,2.32,1.0,-7.54,3.0,95610,33,PIR + Pace Top 3 + Money
2025-04-05,Wentworth Park,8,CLASSIC ETHICS,3,19.0,7,False,-1.0,2.18,2.08,1.0,-8.61,3.0,38885,11,PIR + Pace Top 3 + Money
2025-04-06,Healesville,8,CHAVERO,4,15.0,2,False,-1.0,3.27,3.27,1.0,-3.31,5.0,46360,33,PIR + Money Only
2025-04-09,Ballarat,11,ASTON MONARCHY,5,20.5,4,False,-1.0,2.38,2.38,1.0,-7.1,2.0,31232,64,PIR + Pace Top 3 + Money
2025-04-10,Angle Park,5,YARRAMUNDI PAUL,6,19.0,6,False,-1.0,2.98,3.08,1.0,-9.12,7.0,56202,66,PIR + Money Only
2025-04-10,Sandown Park,6,QUEEN AVENGER,4,19.7,4,False,-1.0,2.04,2.04,1.0,-9.76,2.0,53995,28,PIR + Pace Top 3 + Money
2025-04-10,Sandown Park,11,PAW FABIAN,7,26.1,7,False,-1.0,2.72,2.92,1.0,-11.18,1.0,36630,18,PIR + Pace Leader + Money
2025-04-10,Warrnambool,10,WARIO,1,19.4,3,False,-1.0,2.74,2.44,1.0,-7.11,5.0,48920,46,PIR + Money Only
2025-04-11,Bendigo,11,GREMLIN,3,16.0,7,False,-1.0,2.54,2.44,1.0,-4.47,5.0,38470,41,PIR + Money Only
2025-04-11,Horsham,8,BLACK SPECTRE,4,49.8,4,False,-1.0,3.72,3.72,1.0,-13.18,1.0,30140,54,PIR + Pace Leader + Money
2025-04-11,The Gardens,8,EUREKA REMI,3,19.0,7,False,-1.0,3.77,3.67,1.0,-11.31,6.0,48685,144,PIR + Money Only
2025-04-12,Cannington,12,ESPERANCE ACE,6,18.0,1,True,17.0,3.6,3.7,1.0,-1.3,1.0,33596,62,PIR + Pace Leader + Money
2025-04-12,The Meadows,2,IF ONLY,8,15.9,5,False,-1.0,3.14,3.44,1.0,-11.36,2.0,48535,14,PIR + Pace Top 3 + Money
2025-04-12,The Meadows,7,LEAP OF FAITH,5,35.7,8,False,-1.0,2.44,2.44,1.0,-4.62,7.0,36980,36,PIR + Money Only
2025-04-13,Albion Park,7,RIO VALOUR,6,23.0,5,False,-1.0,2.23,2.33,1.0,-8.23,6.0,64425,60,PIR + Money Only
2025-04-13,Albion Park,11,BYE BYE RAIDER,6,21.0,6,False,-1.0,3.53,3.63,1.0,-11.73,7.0,88735,49,PIR + Money Only
2025-04-13,Bendigo,6,TRICKY RIDDLES,3,18.6,7,False,-1.0,3.16,3.06,1.0,-8.36,2.0,44325,45,PIR + Pace Top 3 + Money
2025-04-14,Maitland,5,JET BOOTS TOMMY,6,17.0,4,False,-1.0,3.04,3.14,1.0,-10.45,6.0,30525,23,PIR + Money Only
2025-04-14,Maitland,8,SWIFT CHOICE,2,34.0,5,False,-1.0,4.57,4.37,1.0,-14.74,7.0,40850,241,PIR + Money Only
2025-04-14,Nowra,7,COFFEE AND CREAM,1,21.0,8,False,-1.0,3.48,3.18,1.0,-11.19,4.0,31863,107,PIR + Money Only
2025-04-15,Q1 Lakeside,7,ZIPPING PERRY,1,26.0,8,False,-1.0,3.53,3.23,1.0,-11.09,7.0,36475,17,PIR + Money Only
2025-04-17,Angle Park,6,DAKOTA AVA,5,19.0,8,False,-1.0,2.4,2.4,1.0,-4.0,8.0,41230,25,PIR + Money Only
2025-04-17,Dapto,10,SNEAKY TYCOON,6,26.0,4,False,-1.0,2.46,2.56,1.0,-9.03,5.0,30185,13,PIR + Money Only
2025-04-17,Q1 Lakeside,12,PERFECT WILLOW,8,21.0,4,False,-1.0,3.05,3.35,1.0,-8.51,8.0,46730,109,PIR + Money Only
2025-04-17,Sandown Park,4,KISAUNI,8,15.3,6,False,-1.0,2.92,3.22,1.0,-6.6,7.0,121871,80,PIR + Money Only
2025-04-17,Sandown Park,6,QUEEN AVENGER,2,20.9,4,False,-1.0,2.1,1.9,1.0,-9.66,2.0,53995,29,PIR + Pace Top 3 + Money
2025-04-17,Warrnambool,7,MANGO CANS,4,22.9,6,False,-1.0,2.41,2.41,1.0,-7.52,4.0,32545,32,PIR + Money Only
2025-04-18,Geelong,11,ASTON MONARCHY,6,15.1,8,False,-1.0,2.38,2.48,1.0,-7.06,3.0,31232,65,PIR + Pace Top 3 + Money
2025-04-18,Mandurah,6,IKE BALE,2,21.0,7,False,-1.0,3.11,2.91,1.0,-5.74,5.0,169875,100,PIR + Money Only
2025-04-19,The Meadows,4,GARRY STUN ON,3,21.4,3,False,-1.0,3.21,3.11,1.0,-9.76,3.0,174600,104,PIR + Pace Top 3 + Money
2025-04-19,The Meadows,10,LYN'S BIANCA,3,26.3,5,False,-1.0,3.29,3.19,1.0,-10.12,4.0,30525,21,PIR + Money Only
2025-04-19,Wentworth Park,9,SISKA ROY,1,34.0,4,False,-1.0,3.47,3.17,1.0,-15.12,1.0,49705,51,PIR + Pace Leader + Money
2025-04-21,Warrnambool,2,ZARA'S PRINCESS,1,16.2,2,False,-1.0,3.97,3.67,1.0,-10.91,5.0,34212,156,PIR + Money Only
2025-04-22,Horsham,5,WARIO,7,31.0,2,False,-1.0,2.81,3.01,1.0,-6.95,4.0,48920,48,PIR + Money Only
2025-04-22,Mandurah,10,SIN BIN SAMMY,2,19.0,3,False,-1.0,3.81,3.61,1.0,-14.76,2.0,38423,59,PIR + Pace Top 3 + Money
2025-04-23,Ballarat,5,HARD ON ME,1,15.4,4,False,-1.0,2.26,1.96,1.0,-7.75,5.0,45921,103,PIR + Money Only
2025-04-23,Meadows (MEP),6,TICK RETURNS,4,21.0,1,True,20.0,2.36,2.36,1.0,-8.94,4.0,30425,25,PIR + Money Only
2025-04-24,Albion Park,4,PELOPONNESE,1,16.0,6,False,-1.0,2.67,2.37,1.0,-9.89,1.0,45765,21,PIR + Pace Leader + Money
2025-04-24,Albion Park,11,BROWNLOW,6,21.0,1,True,20.0,4.34,4.44,1.0,-16.16,1.0,31447,35,PIR + Pace Leader + Money
2025-04-24,Angle Park,3,YARRAMUNDI PAUL,1,17.0,4,False,-1.0,3.03,2.73,1.0,-9.12,6.0,56202,68,PIR + Money Only
2025-04-24,Sandown Park,5,IF ONLY,4,15.0,1,True,14.0,2.88,2.88,1.0,-10.75,1.0,48535,16,PIR + Pace Leader + Money
2025-04-24,Sandown Park,9,DR. UNITED,3,18.6,5,False,-1.0,3.28,3.18,1.0,-4.39,6.0,53720,64,PIR + Money Only
2025-04-25,Healesville,6,KING KABOOM,6,15.0,1,True,14.0,3.32,3.42,1.0,-6.8,8.0,59930,203,PIR + Money Only
2025-04-25,Shepparton,12,CLASSY SHIFTER,1,16.2,5,False,-1.0,3.97,3.67,1.0,-12.43,5.0,36863,129,PIR + Money Only
2025-04-26,Cannington,12,ALL ABOUT COAL,4,17.0,4,False,-1.0,3.22,3.22,1.0,-12.03,5.0,89180,60,PIR + Money Only
2025-04-26,Wentworth Park,11,HIDDEN RADAR,3,21.0,4,False,-1.0,1.5,1.4,1.0,-7.84,8.0,37765,8,PIR + Money Only
2025-04-27,Healesville,10,TINKER DOT,2,23.2,5,False,-1.0,2.57,2.37,1.0,-5.34,3.0,46805,58,PIR + Pace Top 3 + Money
2025-04-29,Dport @ HOB,9,BLITZ DANGER,1,41.0,3,False,-1.0,3.38,3.08,1.0,-12.18,6.0,42290,24,PIR + Money Only
2025-04-29,Horsham,6,OX THE MAN,1,37.0,3,False,-1.0,3.35,3.05,1.0,-7.04,7.0,85925,155,PIR + Money Only
2025-05-01,Angle Park,6,TERRIFIC BOBBY,5,15.0,6,False,-1.0,3.25,3.25,1.0,-10.29,5.0,38625,55,PIR + Money Only
2025-05-01,Sandown Park,2,DESIRED RANGE,3,17.6,5,False,-1.0,3.77,3.67,1.0,-11.46,1.0,36590,13,PIR + Pace Leader + Money
2025-05-03,Q1 Lakeside,12,TITANIUM GUNN,3,19.0,7,False,-1.0,3.0,2.9,1.0,-11.23,6.0,113775,54,PIR + Money Only
2025-05-03,Wentworth Park,4,DYNAMIC NOAH,3,19.0,6,False,-1.0,2.61,2.51,1.0,-9.76,3.0,34655,23,PIR + Pace Top 3 + Money
2025-05-04,Healesville,11,SCENIC COURT,4,43.6,4,False,-1.0,2.71,2.71,1.0,-7.63,3.0,30675,41,PIR + Pace Top 3 + Money
2025-05-05,Ballarat,11,JUDY'S REDEEMER,4,16.9,4,False,-1.0,2.91,2.91,1.0,-7.7,6.0,38435,82,PIR + Money Only
2025-05-05,Launceston,5,LEGENDARY DANGER,2,16.0,4,False,-1.0,3.2,3.0,1.0,-14.82,1.0,67920,45,PIR + Pace Leader + Money
2025-05-05,Shepparton,6,MAGICAL STAR,1,23.0,5,False,-1.0,2.85,2.55,1.0,-7.09,2.0,45115,48,PIR + Pace Top 3 + Money
2025-05-06,Mandurah,6,GO SEEK FRANCENE,3,18.0,2,False,-1.0,3.48,3.38,1.0,-12.98,3.0,50450,46,PIR + Pace Top 3 + Money
2025-05-07,Meadows (MEP),8,LUPINI MONELLI,1,26.0,6,False,-1.0,3.27,2.97,1.0,-10.05,2.0,160630,93,PIR + Pace Top 3 + Money
2025-05-08,Sandown Park,5,READ THE ROOM,2,49.1,6,False,-1.0,2.38,2.18,1.0,-6.14,6.0,39003,26,PIR + Money Only
2025-05-08,Warrnambool,11,CRUISIN' CHERRY,3,34.5,7,False,-1.0,2.43,2.33,1.0,-7.74,5.0,35803,61,PIR + Money Only
2025-05-09,The Gardens,12,JET KEEN,1,16.0,7,False,-1.0,3.44,3.14,1.0,-10.92,5.0,31555,34,PIR + Money Only
2025-05-11,Healesville,8,MYOLA NICK,1,21.0,6,False,-1.0,3.29,2.99,1.0,-4.53,5.0,59835,82,PIR + Money Only
2025-05-11,Richmond,11,MICKY LEAP,7,19.0,4,False,-1.0,3.72,3.92,1.0,-11.94,5.0,46725,64,PIR + Money Only
2025-05-11,Sale,6,BETTER BANJO,4,16.6,6,False,-1.0,2.38,2.38,1.0,-3.75,5.0,78995,60,PIR + Money Only
2025-05-13,Geelong,3,JUDY'S REDEEMER,4,15.0,3,False,-1.0,2.9,2.9,1.0,-7.76,8.0,38435,83,PIR + Money Only
2025-05-13,Horsham,10,STAR OF VENUS,5,47.7,7,False,-1.0,3.17,3.17,1.0,-8.11,5.0,49636,69,PIR + Money Only
2025-05-15,Dapto,9,SNEAKY TYCOON,3,17.0,1,True,16.0,2.56,2.46,1.0,-9.2,7.0,30185,16,PIR + Money Only
2025-05-15,Q1 Lakeside,7,SPEEDING FINE,5,16.0,2,False,-1.0,3.16,3.16,1.0,-8.4,5.0,57800,44,PIR + Money Only
2025-05-19,Q2 Parklands,5,BRUNSWICK FLYER,6,21.0,4,False,-1.0,2.18,2.28,1.0,-8.44,6.0,60560,22,PIR + Money Only
2025-05-23,Bendigo,8,GREMLIN,1,15.3,2,False,-1.0,2.59,2.29,1.0,-5.2,8.0,38470,46,PIR + Money Only
2025-05-23,Goulburn,11,ORSON JIMMY,3,26.0,1,True,25.0,4.19,4.09,1.0,-11.39,1.0,33150,21,PIR + Pace Leader + Money
2025-05-23,Healesville,10,FOUR ACES,6,43.4,8,False,-1.0,3.3,3.4,1.0,-9.83,5.0,43896,192,PIR + Money Only
2025-05-24,The Meadows,6,PEPPER RUSH,1,23.0,5,False,-1.0,2.52,2.22,1.0,-4.64,7.0,88210,56,PIR + Money Only
2025-05-24,The Meadows,7,IVORY NARWHAL,1,17.0,2,False,-1.0,3.45,3.15,1.0,-10.08,5.0,42490,42,PIR + Money Only
2025-05-24,The Meadows,8,I'M HONEY,3,18.0,7,False,-1.0,3.23,3.13,1.0,-11.92,2.0,36215,44,PIR + Pace Top 3 + Money
2025-05-26,Angle Park,4,ZIPPING WHISKEY,1,18.0,2,False,-1.0,3.63,3.33,1.0,-13.9,1.0,103690,82,PIR + Pace Leader + Money
2025-05-28,Meadows (MEP),8,TIME PASSAGES,3,17.9,7,False,-1.0,3.55,3.45,1.0,-11.47,6.0,31330,42,PIR + Money Only
2025-05-29,Q1 Lakeside,7,NON STOP RECALL,2,21.0,4,False,-1.0,2.94,2.74,1.0,-8.49,4.0,38290,16,PIR + Money Only
2025-05-30,Mandurah,3,SILLY OLD BEAR,2,23.0,7,False,-1.0,3.71,3.51,1.0,-5.81,6.0,37506,110,PIR + Money Only
2025-05-31,The Meadows,6,UTRILLO BALE,6,19.0,3,False,-1.0,3.18,3.28,1.0,-7.79,4.0,87440,50,PIR + Money Only
2025-06-04,Meadows (MEP),11,PAW ALEXIS,5,15.0,5,False,-1.0,3.6,3.6,1.0,-9.9,1.0,31355,42,PIR + Pace Leader + Money
2025-06-05,Albion Park,11,SMART AND CLASSY,5,18.0,8,False,-1.0,3.03,3.03,1.0,-9.73,8.0,100425,60,PIR + Money Only
2025-06-05,Ballarat,9,COME TO PARTY,7,24.9,7,False,-1.0,2.45,2.65,1.0,-11.05,1.0,33740,20,PIR + Pace Leader + Money
2025-06-05,Q1 Lakeside,8,UNO NANGAR,4,19.0,7,False,-1.0,2.38,2.38,1.0,-6.5,3.0,125480,32,PIR + Pace Top 3 + Money
2025-06-06,Warragul,3,DR. UNITED,2,16.7,4,False,-1.0,3.29,3.09,1.0,-4.7,6.0,53720,66,PIR + Money Only
2025-06-07,Geelong,6,DOUBLE DENIM,3,21.3,7,False,-1.0,2.9,2.8,1.0,-8.77,3.0,56105,42,PIR + Pace Top 3 + Money
2025-06-08,Healesville,6,POSH PAWS,5,31.9,3,False,-1.0,2.05,2.05,1.0,-0.2,7.0,33433,38,PIR + Money Only
2025-06-09,Nowra,10,DAWNY DREAM,5,41.0,7,False,-1.0,3.28,3.28,1.0,-11.74,6.0,50902,74,PIR + Money Only
2025-06-10,Dport @ LCN,5,BUCKLE UP ARIA,2,18.0,4,False,-1.0,2.83,2.63,1.0,-7.7,5.0,81490,77,PIR + Money Only
2025-06-11,Ballarat,14,ASTON MONARCHY,3,15.1,7,False,-1.0,2.5,2.4,1.0,-6.83,4.0,31232,74,PIR + Money Only
2025-06-12,Q1 Lakeside,7,TIGER JORDY,7,15.0,4,False,-1.0,2.42,2.62,1.0,-9.38,7.0,38670,31,PIR + Money Only
2025-06-13,Bendigo,8,ZIPPING MOFFAT,6,18.1,7,False,-1.0,2.81,2.91,1.0,-12.25,1.0,39215,32,PIR + Pace Leader + Money
2025-06-14,The Meadows,5,GO GO EVIE,3,28.3,6,False,-1.0,2.89,2.79,1.0,-5.94,8.0,47125,46,PIR + Money Only
2025-06-15,Healesville,8,ALICE MORGAN,6,48.4,4,False,-1.0,3.23,3.33,1.0,-6.36,3.0,36865,94,PIR + Pace Top 3 + Money
2025-06-15,Sale,9,ASHLEY HOOK,1,19.6,5,False,-1.0,2.67,2.37,1.0,-5.48,3.0,50452,72,PIR + Pace Top 3 + Money
2025-06-15,Sale,12,BROCKY SANDS,3,17.4,5,False,-1.0,3.04,2.94,1.0,-8.38,6.0,50124,77,PIR + Money Only
2025-06-16,Ballarat,14,NITRO BALE,2,23.5,7,False,-1.0,4.13,3.93,1.0,-9.32,8.0,104035,198,PIR + Money Only
2025-06-16,Q2 Parklands,3,AKELA KUNG FU,5,16.0,2,False,-1.0,3.67,3.67,1.0,-13.83,7.0,45335,39,PIR + Money Only
2025-06-19,Hobart,8,HIGHGATE PETE,5,21.0,7,False,-1.0,2.97,2.97,1.0,-8.65,6.0,44390,38,PIR + Money Only
2025-06-19,Mandurah,3,IMPACT MAC,3,19.0,8,False,-1.0,3.87,3.77,1.0,-9.19,2.0,55775,233,PIR + Pace Top 3 + Money
2025-06-19,Q1 Lakeside,7,PACIFIC HOLLY,3,16.0,4,False,-1.0,2.54,2.44,1.0,-8.56,7.0,43445,28,PIR + Money Only
2025-06-19,Q2 Parklands,5,TARAWI BUSTER,1,17.0,6,False,-1.0,2.65,2.35,1.0,-7.47,1.0,66420,23,PIR + Pace Leader + Money
2025-06-20,Bendigo,8,GREMLIN,7,31.9,3,False,-1.0,2.68,2.88,1.0,-5.76,6.0,38470,50,PIR + Money Only
2025-06-20,Mandurah,2,SIN BIN SAMMY,1,23.0,4,False,-1.0,4.0,3.7,1.0,-14.68,2.0,38423,68,PIR + Pace Top 3 + Money
2025-06-22,Sale,11,BROCKY SANDS,5,36.5,8,False,-1.0,3.01,3.01,1.0,-8.42,4.0,50124,78,PIR + Money Only
2025-06-25,Healesville,5,FOUR ACES,1,18.9,6,False,-1.0,3.31,3.01,1.0,-9.86,7.0,43896,194,PIR + Money Only
2025-06-25,Meadows (MEP),4,SUMMER KOBIE,2,32.4,4,False,-1.0,2.65,2.45,1.0,-1.78,6.0,54220,52,PIR + Money Only
2025-06-26,Q2 Parklands,3,GOLDMINE FIRE,3,16.0,2,False,-1.0,2.29,2.19,1.0,-8.71,5.0,59095,24,PIR + Money Only
2025-06-26,Sandown Park,4,LURE OF KILKENNY,2,31.3,3,False,-1.0,2.75,2.55,1.0,-10.49,2.0,81210,52,PIR + Pace Top 3 + Money
2025-06-26,Sandown Park,8,GROOVEBIRD,3,15.2,6,False,-1.0,2.91,2.81,1.0,-8.7,2.0,193243,56,PIR + Pace Top 3 + Money
2025-06-28,The Meadows,10,GARRY STUN ON,7,25.9,5,False,-1.0,3.26,3.46,1.0,-9.92,2.0,174600,113,PIR + Pace Top 3 + Money
2025-07-01,Dport @ LCN,1,BUCKLE UP GINNA,5,17.0,8,False,-1.0,3.65,3.65,1.0,-9.37,8.0,51730,68,PIR + Money Only
2025-07-02,Ballarat,7,OBSTROPALOUS,1,25.2,7,False,-1.0,3.8,3.5,1.0,-11.96,1.0,87403,64,PIR + Pace Leader + Money
2025-07-03,Angle Park,4,TERRIFIC BOBBY,4,26.0,2,False,-1.0,3.35,3.35,1.0,-10.37,3.0,38625,60,PIR + Pace Top 3 + Money
2025-07-03,Sandown Park,6,LURE OF KILKENNY,2,20.7,5,False,-1.0,2.72,2.52,1.0,-10.49,1.0,81210,53,PIR + Pace Leader + Money
2025-07-04,Geelong,6,PAW LAUREN,4,21.0,7,False,-1.0,2.79,2.79,1.0,-6.05,6.0,39880,53,PIR + Money Only
2025-07-05,The Meadows,4,VERSNELLEN,4,16.4,6,False,-1.0,3.07,3.07,1.0,-7.13,7.0,40615,46,PIR + Money Only
2025-07-05,The Meadows,9,GREMLIN,5,41.4,7,False,-1.0,2.69,2.69,1.0,-5.86,7.0,38395,52,PIR + Money Only
2025-07-06,Healesville,6,SWEET VALENTINE,4,17.6,7,False,-1.0,2.08,2.08,1.0,-2.37,4.0,38870,38,PIR + Money Only
2025-07-06,Healesville,8,CRUELLA,6,17.6,5,False,-1.0,2.54,2.64,1.0,-6.26,4.0,31520,72,PIR + Money Only
2025-07-06,Murray Bridge (MBR),9,MANGO CANS,2,15.0,4,False,-1.0,2.51,2.31,1.0,-6.85,4.0,32545,37,PIR + Money Only
2025-07-09,Meadows (MEP),6,TICK RETURNS,5,26.0,1,True,25.0,2.17,2.17,1.0,-10.73,3.0,30080,35,PIR + Pace Top 3 + Money
2025-07-09,Meadows (MEP),8,SON OF GHOST,4,18.0,8,False,-1.0,3.48,3.48,1.0,-9.24,4.0,34815,48,PIR + Money Only
2025-07-11,Geelong,4,FLUENT ACTION,3,19.6,4,False,-1.0,1.9,1.8,1.0,-4.33,4.0,40000,42,PIR + Money Only
2025-07-11,Geelong,5,MAN OF COURAGE,2,31.3,6,False,-1.0,2.52,2.32,1.0,-6.25,5.0,42445,75,PIR + Money Only
2025-07-12,Cannington,4,FLYING FREDA,4,16.0,7,False,-1.0,2.8,2.8,1.0,-10.26,3.0,160700,54,PIR + Pace Top 3 + Money
2025-07-12,The Meadows,2,AMRON MICK,4,23.6,1,True,22.6,2.38,2.38,1.0,-6.08,5.0,30417,8,PIR + Money Only
2025-07-12,The Meadows,7,SLICK FELIX,2,15.5,7,False,-1.0,3.07,2.87,1.0,-6.89,6.0,39590,27,PIR + Money Only
2025-07-13,Sale,5,HOLTORF BALE,3,20.7,6,False,-1.0,3.92,3.82,1.0,-9.4,5.0,52505,120,PIR + Money Only
2025-07-16,Grafton,11,TRICKY MICKY,1,15.0,3,False,-1.0,2.48,2.18,1.0,-4.88,4.0,70865,23,PIR + Money Only
2025-07-17,Hobart,4,BE THE BEST,1,26.0,8,False,-1.0,3.66,3.36,1.0,-10.75,4.0,40555,77,PIR + Money Only
2025-07-17,Richmond (RIS),7,RED BALL ROCKET,5,23.0,4,False,-1.0,3.95,3.95,1.0,-13.45,2.0,43925,63,PIR + Pace Top 3 + Money
2025-07-18,Bendigo,6,FLUENT ACTION,3,27.5,8,False,-1.0,1.93,1.83,1.0,-4.23,5.0,40000,43,PIR + Money Only
2025-07-18,Richmond,8,LUCKY TO RACE,1,41.0,3,False,-1.0,4.35,4.05,1.0,-15.17,7.0,36500,113,PIR + Money Only
2025-07-19,The Meadows,1,MITZI ROCKS,6,19.1,2,False,-1.0,2.72,2.82,1.0,-9.43,2.0,59320,43,PIR + Pace Top 3 + Money
2025-07-19,The Meadows,3,COPPER RUSH,1,16.1,2,False,-1.0,2.76,2.46,1.0,-9.56,3.0,45785,29,PIR + Pace Top 3 + Money
2025-07-22,Horsham,10,NOCTILUCENT,7,25.0,5,False,-1.0,2.22,2.42,1.0,-5.69,6.0,42440,55,PIR + Money Only
2025-07-24,Angle Park,6,MOSCOW CHICK,1,34.0,2,False,-1.0,2.71,2.41,1.0,-8.4,4.0,30320,35,PIR + Money Only
2025-07-24,Angle Park,11,STEALTH,1,21.0,4,False,-1.0,2.67,2.37,1.0,-5.38,4.0,147893,92,PIR + Money Only
2025-07-24,Sandown Park,4,LIVEABLE,1,18.8,6,False,-1.0,3.22,2.92,1.0,-11.57,4.0,39455,45,PIR + Money Only
2025-07-24,Sandown Park,8,DOONGALLA JESSIE,8,15.5,6,False,-1.0,1.86,2.16,1.0,-4.7,3.0,63435,22,PIR + Pace Top 3 + Money
2025-07-24,Sandown Park,12,TICK RETURNS,4,30.4,5,False,-1.0,2.29,2.29,1.0,-11.31,2.0,30080,38,PIR + Pace Top 3 + Money
2025-07-25,Mandurah,8,AUSSIE GEM,5,16.0,6,False,-1.0,2.6,2.6,1.0,-5.54,6.0,45327,42,PIR + Money Only
2025-07-26,Q1 Lakeside,9,BRUNSWICK FLYER,5,15.0,7,False,-1.0,2.29,2.29,1.0,-8.47,6.0,60560,24,PIR + Money Only
2025-07-29,Horsham,6,TOP CADILLAC,7,15.7,7,False,-1.0,3.13,3.33,1.0,-7.61,8.0,46870,69,PIR + Money Only
2025-07-30,Taree,5,SPRINGVIEW HAWK,4,16.0,3,False,-1.0,3.45,3.45,1.0,-12.98,7.0,78970,146,PIR + Money Only
2025-07-31,Angle Park,4,MOSCOW CHICK,1,21.0,1,True,20.0,2.69,2.39,1.0,-8.34,3.0,30320,36,PIR + Pace Top 3 + Money
2025-07-31,Casino,4,DISORDERLY,4,17.0,1,True,16.0,2.69,2.69,1.0,-7.72,7.0,41485,35,PIR + Money Only
2025-08-01,Mandurah,10,ASTON MADDOX,4,15.0,5,False,-1.0,2.48,2.48,1.0,-3.48,5.0,48656,40,PIR + Money Only
2025-08-05,Bulli,11,SPRINGVIEW HAWK,3,23.0,3,False,-1.0,3.45,3.35,1.0,-12.93,5.0,78970,147,PIR + Money Only
2025-08-05,Geelong,4,NITRO BALE,1,21.0,6,False,-1.0,4.17,3.87,1.0,-9.66,6.0,104035,204,PIR + Money Only
2025-08-05,Gosford,5,GAMBINO,3,17.0,4,False,-1.0,2.92,2.82,1.0,-5.7,8.0,40060,62,PIR + Money Only
2025-08-05,Townsville,9,SUGAR HIT LENNY,1,21.0,7,False,-1.0,3.36,3.06,1.0,-10.64,4.0,38965,25,PIR + Money Only
2025-08-07,Richmond (RIS),4,SHOWMAN JACK,2,16.0,7,False,-1.0,3.17,2.97,1.0,-8.69,5.0,226120,69,PIR + Money Only
2025-08-08,Healesville,6,TOOTSIE,3,24.8,8,False,-1.0,2.32,2.22,1.0,-9.89,4.0,31622,77,PIR + Money Only
2025-08-08,Healesville,8,ASTON ZOOM,3,24.9,5,False,-1.0,2.42,2.32,1.0,-6.32,7.0,46315,72,PIR + Money Only
2025-08-08,Warragul,5,TEXAS LONG HORN,2,24.4,5,False,-1.0,3.28,3.08,1.0,-8.33,8.0,35452,114,PIR + Money Only
2025-08-09,The Meadows,3,LAKEVIEW NOLA,2,23.3,3,False,-1.0,4.11,3.91,1.0,-11.82,2.0,66920,55,PIR + Pace Top 3 + Money
2025-08-10,Grafton,10,MILLIGAN,2,21.0,3,False,-1.0,2.85,2.65,1.0,-7.33,6.0,169420,96,PIR + Money Only
2025-08-11,Maitland,12,JET KEEN,6,19.0,7,False,-1.0,3.84,3.94,1.0,-11.9,5.0,31630,44,PIR + Money Only
2025-08-12,Horsham,7,MAN OF COURAGE,2,16.0,5,False,-1.0,2.51,2.31,1.0,-6.17,6.0,42895,79,PIR + Money Only
2025-08-13,Meadows (MEP),7,ANNABELLA ROSE,1,23.0,3,False,-1.0,3.34,3.04,1.0,-7.79,5.0,45500,35,PIR + Money Only
2025-08-13,Richmond,5,ZIPPING ARKLE,6,19.0,5,False,-1.0,2.2,2.3,1.0,-9.84,7.0,31070,5,PIR + Money Only
2025-08-13,Sale,8,BROCKY SANDS,2,24.3,6,False,-1.0,2.99,2.79,1.0,-8.95,6.0,52074,84,PIR + Money Only
2025-08-16,Wentworth Park,9,CASARI,3,31.0,3,False,-1.0,2.69,2.59,1.0,-8.67,6.0,46260,39,PIR + Money Only
2025-08-17,Healesville,8,POSH PAWS,7,26.0,4,False,-1.0,1.93,2.13,1.0,0.07,6.0,33583,45,PIR + Money Only
2025-08-17,Healesville,10,ESSENCE,7,18.0,2,False,-1.0,2.0,2.2,1.0,-1.82,7.0,30777,32,PIR + Money Only
2025-08-18,Maitland,7,ZIPPING BERETTA,1,15.0,4,False,-1.0,3.84,3.54,1.0,-6.4,5.0,39555,43,PIR + Money Only
2025-08-20,Bendigo,13,CLASSY SHIFTER,5,27.2,2,False,-1.0,3.98,3.98,1.0,-12.96,5.0,38393,143,PIR + Money Only
2025-08-21,Mount Gambier,11,ESKIMO LARRY,1,19.0,5,False,-1.0,3.07,2.77,1.0,-7.36,4.0,33540,45,PIR + Money Only
2025-08-22,Healesville,8,TOOTSIE,6,26.3,1,True,25.3,2.32,2.42,1.0,-10.0,4.0,31622,78,PIR + Money Only
2025-08-22,Wagga,7,PAW FABIAN,6,18.0,6,False,-1.0,2.85,2.95,1.0,-11.84,1.0,58292,34,PIR + Pace Leader + Money
2025-08-23,Q1 Lakeside,12,PACIFIC HOLLY,1,16.0,5,False,-1.0,2.7,2.4,1.0,-8.91,6.0,45570,37,PIR + Money Only
2025-08-25,Shepparton,12,MYALL RAY,4,18.4,6,False,-1.0,2.84,2.84,1.0,-2.81,7.0,41975,49,PIR + Money Only
2025-08-26,Murray Bridge (MBS),4,MY MUM'S VALUE,4,34.0,3,False,-1.0,3.12,3.12,1.0,-6.07,5.0,49495,170,PIR + Money Only
2025-08-27,Meadows (MEP),12,OBSTROPALOUS,7,23.8,6,False,-1.0,3.84,4.04,1.0,-12.32,5.0,91608,70,PIR + Money Only
2025-08-27,Sale,12,LOCKED AND READY,6,23.2,3,False,-1.0,3.39,3.49,1.0,-10.67,6.0,48701,222,PIR + Money Only
2025-08-28,Sandown Park,8,NANGAR JIM,4,19.0,7,False,-1.0,2.78,2.78,1.0,-4.03,5.0,210755,63,PIR + Money Only
2025-08-29,Q1 Lakeside,8,HELLO BILL,4,18.0,4,False,-1.0,2.83,2.83,1.0,-7.41,7.0,97570,76,PIR + Money Only
2025-08-30,Q2 Parklands,4,ISABELLA'S BLITZ,2,41.0,3,False,-1.0,1.94,1.74,1.0,-7.0,4.0,44430,18,PIR + Money Only
2025-08-31,Healesville,10,FIGURE IT OUT,2,15.1,3,False,-1.0,3.02,2.82,1.0,-6.9,6.0,38435,43,PIR + Money Only
2025-09-01,Q Straight,1,ARCHIE TRICK,3,21.0,6,False,-1.0,3.06,2.96,1.0,-9.97,5.0,33045,36,PIR + Money Only
2025-09-03,Q1 Lakeside,5,GETAWAY GHERKIN,1,15.0,3,False,-1.0,4.16,3.86,1.0,-12.99,7.0,35700,83,PIR + Money Only
2025-09-03,Taree,2,ANGUILLIFORMES,5,15.0,6,False,-1.0,3.6,3.6,1.0,-12.49,4.0,35645,50,PIR + Money Only
2025-09-04,Mandurah,5,MARCUS FIRE,2,26.0,7,False,-1.0,3.79,3.59,1.0,-9.11,6.0,46019,75,PIR + Money Only
2025-09-04,Warrnambool,5,FAST KNOCKDOWN,2,25.7,2,False,-1.0,3.58,3.38,1.0,-12.98,1.0,30325,24,PIR + Pace Leader + Money
2025-09-05,Healesville,5,CRUELLA,6,22.2,2,False,-1.0,2.6,2.7,1.0,-6.28,6.0,32465,75,PIR + Money Only
2025-09-05,Townsville,4,PRETTY CINDY,3,21.0,4,False,-1.0,2.25,2.15,1.0,-7.63,6.0,129860,40,PIR + Money Only
2025-09-06,Dubbo,11,CADDIE'S GIRL,7,18.0,6,False,-1.0,2.92,3.12,1.0,-8.96,4.0,40295,65,PIR + Money Only
2025-09-07,Healesville,2,HARD PRESS,7,36.2,8,False,-1.0,3.1,3.3,1.0,-6.84,4.0,33195,80,PIR + Money Only
2025-09-07,Healesville,6,SOLICIT,3,20.4,4,False,-1.0,2.11,2.01,1.0,-2.01,5.0,40712,37,PIR + Money Only
2025-09-07,Healesville,8,MEPUNGA SHINE,2,27.5,7,False,-1.0,2.62,2.42,1.0,-4.59,4.0,293482,42,PIR + Money Only
2025-09-08,Maitland,9,HEY MICKEY,1,27.8,1,True,26.8,2.6,2.3,1.0,-8.17,5.0,54065,52,PIR + Money Only
2025-09-10,Cannington,6,UNLEASHED MAYHEM,6,15.0,5,False,-1.0,2.87,2.97,1.0,-5.25,7.0,52962,38,PIR + Money Only
2025-09-11,Sandown Park,4,DEWANA FERNANDO,1,15.5,2,False,-1.0,3.57,3.27,1.0,-9.79,2.0,125665,97,PIR + Pace Top 3 + Money
2025-09-11,Warragul,6,BROCKY SANDS,7,24.2,7,False,-1.0,2.98,3.18,1.0,-9.51,6.0,51714,88,PIR + Money Only
2025-09-12,Bendigo,6,GO GO EVIE,8,16.4,6,False,-1.0,3.0,3.3,1.0,-6.02,7.0,49495,55,PIR + Money Only
2025-09-12,Bendigo,7,COOPER SUMMER,4,16.5,7,False,-1.0,3.31,3.31,1.0,-9.33,6.0,30495,80,PIR + Money Only
2025-09-12,Grafton,5,RAMPANI,2,15.0,1,True,14.0,3.26,3.06,1.0,-9.72,6.0,81790,47,PIR + Money Only
2025-09-12,Q1 Lakeside,9,COMICAL WARREN,7,34.0,6,False,-1.0,2.47,2.67,1.0,-10.15,4.0,64840,34,PIR + Money Only
2025-09-13,Wentworth Park,9,MY BREAD ROLL,3,19.0,1,True,18.0,2.47,2.37,1.0,-7.45,6.0,35215,17,PIR + Money Only
2025-09-16,Horsham,9,GAS LANTERN,4,15.5,4,False,-1.0,2.17,2.17,1.0,-4.96,6.0,57402,72,PIR + Money Only
2025-09-17,Ballarat,8,BREAKDOWN,4,16.4,2,False,-1.0,3.04,3.04,1.0,-12.09,3.0,47040,69,PIR + Pace Top 3 + Money
2025-09-18,Angle Park,4,HOPE'S SECRET,5,34.0,4,False,-1.0,3.36,3.36,1.0,-9.87,4.0,31085,36,PIR + Money Only
2025-09-18,Angle Park,8,WICKET,5,26.0,3,False,-1.0,1.71,1.71,1.0,-3.11,8.0,64645,28,PIR + Money Only
2025-09-18,Q Straight,11,NO MONEY HONEY,3,31.0,5,False,-1.0,4.24,4.14,1.0,-14.8,6.0,36825,93,PIR + Money Only
2025-09-18,Q2 Parklands,5,COMICAL WARREN,2,26.0,4,False,-1.0,2.57,2.37,1.0,-10.12,5.0,64840,35,PIR + Money Only
2025-09-18,Sandown Park,8,SHIMA TIME,8,33.0,4,False,-1.0,2.27,2.57,1.0,-6.97,2.0,103515,33,PIR + Pace Top 3 + Money
2025-09-18,Shepparton,11,SCENIC COURT,1,15.0,7,False,-1.0,2.84,2.54,1.0,-7.4,4.0,30675,56,PIR + Money Only
2025-09-19,Ballarat,6,NITRO BALE,1,34.0,7,False,-1.0,4.21,3.91,1.0,-9.81,7.0,104035,208,PIR + Money Only
2025-09-19,Ballarat,12,LITTLE EDWARD,2,47.1,7,False,-1.0,3.72,3.52,1.0,-9.57,7.0,34298,80,PIR + Money Only
2025-09-21,Healesville,4,SUPER TONE,4,27.5,3,False,-1.0,4.18,4.18,1.0,-9.7,1.0,39350,77,PIR + Pace Leader + Money
2025-09-21,Healesville,10,BEGONIA BELL,3,20.7,4,False,-1.0,3.42,3.32,1.0,-6.81,7.0,44955,71,PIR + Money Only
2025-09-21,Sale,7,TOUGH TAZ,4,18.9,2,False,-1.0,3.67,3.67,1.0,-11.59,3.0,30205,39,PIR + Pace Top 3 + Money
2025-09-22,Angle Park,4,HOPE'S SECRET,1,17.0,3,False,-1.0,3.38,3.08,1.0,-9.78,4.0,31085,37,PIR + Money Only
2025-09-23,Murray Bridge (MBS),5,MY MUM'S VALUE,2,34.0,3,False,-1.0,3.15,2.95,1.0,-6.08,6.0,49610,174,PIR + Money Only
2025-09-25,Mandurah,7,EXAMINER,5,20.0,3,False,-1.0,3.69,3.69,1.0,-9.97,7.0,35236,52,PIR + Money Only
2025-09-25,Q2 Parklands,10,OBLIGING BILL,4,31.0,2,False,-1.0,3.38,3.38,1.0,-13.08,6.0,83885,71,PIR + Money Only
2025-09-25,Warrnambool,6,VALLETTA DASH,3,19.5,2,False,-1.0,3.07,2.97,1.0,-6.62,6.0,38645,69,PIR + Money Only
2025-09-26,Geelong,6,BREAKDOWN,2,22.6,5,False,-1.0,3.08,2.88,1.0,-12.02,1.0,47040,71,PIR + Pace Leader + Money
2025-09-26,Q1 Lakeside,5,IDENTITY UNKNOWN,1,31.0,7,False,-1.0,3.46,3.16,1.0,-10.63,5.0,35540,57,PIR + Money Only
2025-09-30,Bulli,11,HELLO EASY,1,19.0,2,False,-1.0,2.59,2.29,1.0,-7.67,3.0,31880,34,PIR + Pace Top 3 + Money
2025-09-30,Geelong,13,LITTLE EDWARD,2,48.4,5,False,-1.0,3.73,3.53,1.0,-9.77,7.0,34298,81,PIR + Money Only
2025-09-30,Horsham,5,MISTER CADILLAC,4,19.8,4,False,-1.0,2.95,2.95,1.0,-4.57,8.0,41165,91,PIR + Money Only
2025-10-01,Gawler,9,FANTASTIC TOMMY,5,15.0,3,False,-1.0,2.82,2.82,1.0,-6.78,3.0,45855,79,PIR + Pace Top 3 + Money
2025-10-01,Gunnedah,2,VITALITY BLAST,4,21.0,7,False,-1.0,3.44,3.44,1.0,-8.49,7.0,33200,81,PIR + Money Only
2025-10-01,Meadows (MEP),12,ASTON ALLURE,3,31.2,1,True,30.2,2.97,2.87,1.0,-12.98,3.0,32390,68,PIR + Pace Top 3 + Money
2025-10-02,Healesville,12,APPLICANT,2,18.9,7,False,-1.0,3.57,3.37,1.0,-10.5,7.0,67440,96,PIR + Money Only
2025-10-02,Sandown Park,6,DYNAMITE DOUG,1,15.9,7,False,-1.0,3.53,3.23,1.0,-8.3,5.0,59005,45,PIR + Money Only
2025-10-03,Bendigo,12,PRESS START,5,32.4,8,False,-1.0,2.78,2.78,1.0,-10.34,1.0,30150,77,PIR + Pace Leader + Money
2025-10-03,Mandurah,7,MISS RONNIE MAC,3,16.0,3,False,-1.0,2.97,2.87,1.0,-10.28,3.0,191113,71,PIR + Pace Top 3 + Money
2025-10-05,Healesville,8,GOT FLAIR,1,31.6,7,False,-1.0,3.54,3.24,1.0,-3.96,2.0,35040,61,PIR + Pace Top 3 + Money
2025-10-06,Healesville,8,CRUELLA,6,21.7,6,False,-1.0,2.67,2.77,1.0,-6.11,6.0,32785,78,PIR + Money Only
2025-10-07,Townsville,3,LUSH ICE,6,41.0,5,False,-1.0,2.43,2.53,1.0,-5.77,6.0,44385,14,PIR + Money Only
2025-10-09,Sandown Park,8,COME TO PARTY,5,19.7,5,False,-1.0,2.94,2.94,1.0,-9.44,2.0,50780,32,PIR + Pace Top 3 + Money
2025-10-09,Warragul,10,INTER CYBORG,6,24.7,6,False,-1.0,3.63,3.73,1.0,-11.76,4.0,34955,116,PIR + Money Only
2025-10-11,The Meadows,6,PAW YANELLE,5,16.0,1,True,15.0,2.16,2.16,1.0,-8.14,2.0,58845,50,PIR + Pace Top 3 + Money
2025-10-11,Wentworth Park,1,AUSSIE'S THUNDER,3,19.0,8,False,-1.0,3.35,3.25,1.0,-10.64,5.0,55800,65,PIR + Money Only
2025-10-12,Healesville,6,FLUENT ACTION,5,16.2,5,False,-1.0,2.0,2.0,1.0,-4.75,6.0,44625,52,PIR + Money Only
2025-10-12,Sale,7,LOVELY LAINEY,3,21.4,5,False,-1.0,3.09,2.99,1.0,-9.45,2.0,42890,53,PIR + Pace Top 3 + Money
2025-10-16,Nowra,8,SISKA LUCY,4,21.0,3,False,-1.0,3.52,3.52,1.0,-13.62,2.0,43985,54,PIR + Pace Top 3 + Money
2025-10-17,Healesville,4,APPLICANT,7,16.7,8,False,-1.0,3.56,3.76,1.0,-10.55,6.0,67440,98,PIR + Money Only
2025-10-19,Q1 Lakeside,2,VOLUME UP,3,18.0,5,False,-1.0,2.95,2.85,1.0,-5.92,7.0,103385,62,PIR + Money Only
2025-10-22,Ballarat,6,ASTON ALLURE,1,16.0,8,False,-1.0,2.94,2.64,1.0,-12.92,1.0,32390,69,PIR + Pace Leader + Money
2025-10-22,Sale,8,BROCKY SANDS,6,25.4,3,False,-1.0,2.99,3.09,1.0,-9.95,4.0,52074,93,PIR + Money Only
2025-10-23,Mandurah,9,FIRE FLY CAROLE,1,26.0,8,False,-1.0,4.11,3.81,1.0,-3.16,7.0,33592,79,PIR + Money Only
2025-10-24,Mandurah,5,GO GETTEM COL,2,34.0,6,False,-1.0,2.72,2.52,1.0,-3.9,6.0,34858,29,PIR + Money Only
2025-10-24,Q1 Lakeside,4,SHOWTIME CAESAR,4,21.0,5,False,-1.0,3.6,3.6,1.0,-12.01,6.0,40120,55,PIR + Money Only
2025-10-25,Taree,4,EUREKA REMI,4,26.0,4,False,-1.0,3.81,3.81,1.0,-11.5,7.0,48785,151,PIR + Money Only
2025-10-26,Healesville,9,GUNAI WIZARD,3,26.0,5,False,-1.0,2.66,2.56,1.0,-2.93,4.0,69032,74,PIR + Money Only
2025-10-30,Mount Gambier,8,OH LOUISE,4,41.0,5,False,-1.0,3.31,3.31,1.0,-9.11,4.0,36820,89,PIR + Money Only
2025-10-30,Q1 Lakeside,7,RUPEE'S REVENGE,1,23.0,2,False,-1.0,2.36,2.06,1.0,-5.99,3.0,31090,14,PIR + Pace Top 3 + Money
2025-10-30,Sandown Park,10,READ THE ROOM,5,19.8,6,False,-1.0,2.55,2.55,1.0,-6.02,6.0,42543,33,PIR + Money Only
2025-11-01,Cannington,11,ALL ABOUT COAL,2,15.0,5,False,-1.0,3.32,3.12,1.0,-12.25,5.0,98536,75,PIR + Money Only
2025-11-02,Q1 Lakeside,8,NOPE ROPE,4,41.0,2,False,-1.0,3.29,3.29,1.0,-12.9,4.0,55660,45,PIR + Money Only
2025-11-03,Q Straight,13,SPEEDING FINE,1,41.0,7,False,-1.0,3.43,3.13,1.0,-8.79,6.0,58250,54,PIR + Money Only
2025-11-03,The Meadows,4,COPPER RUSH,5,15.9,7,False,-1.0,2.74,2.74,1.0,-9.99,3.0,55825,38,PIR + Pace Top 3 + Money
2025-11-05,Meadows (MEP),6,FROG MARCH,8,24.9,8,False,-1.0,2.85,3.15,1.0,-5.77,7.0,31970,47,PIR + Money Only
2025-11-06,Q1 Lakeside,8,POP'S MAESTRO,5,16.0,6,False,-1.0,2.0,2.0,1.0,-5.17,5.0,69510,19,PIR + Money Only
2025-11-06,Sandown Park,9,ANNABELLA ROSE,4,19.7,3,False,-1.0,3.57,3.57,1.0,-8.3,5.0,45500,44,PIR + Money Only
2025-11-07,Bendigo,10,PRESS START,2,26.7,6,False,-1.0,2.75,2.55,1.0,-10.36,2.0,30150,81,PIR + Pace Top 3 + Money
2025-11-07,Geelong,8,ANGRY CHIEF,6,43.9,8,False,-1.0,2.1,2.2,1.0,-5.6,6.0,31715,49,PIR + Money Only
2025-11-07,Mandurah,6,AUSSIE GEM,1,16.0,6,False,-1.0,2.74,2.44,1.0,-6.27,5.0,63784,57,PIR + Money Only
2025-11-08,The Meadows,8,RED DIRT ROAD,4,30.3,8,False,-1.0,2.44,2.44,1.0,-9.17,1.0,317015,48,PIR + Pace Leader + Money
2025-11-09,Grafton,12,RAMPANI,2,18.0,5,False,-1.0,3.25,3.05,1.0,-9.74,3.0,81790,56,PIR + Pace Top 3 + Money
2025-11-09,Murray Bridge (MBR),3,BEAST CUT LOOSE,1,15.0,1,True,14.0,2.84,2.54,1.0,-5.96,5.0,32967,75,PIR + Money Only
2025-11-09,Murray Bridge (MBR),9,NITRO NEO,1,23.0,3,False,-1.0,3.22,2.92,1.0,-14.59,1.0,31740,63,PIR + Pace Leader + Money
2025-11-10,Angle Park,1,ZIPPING MOWGLI,4,26.0,2,False,-1.0,3.17,3.17,1.0,-12.8,1.0,36680,53,PIR + Pace Leader + Money
2025-11-10,Launceston,8,BUCKLE UP ARIA,2,41.0,7,False,-1.0,2.99,2.79,1.0,-8.05,7.0,81955,84,PIR + Money Only
2025-11-11,Horsham,8,BREAKDOWN,2,47.9,7,False,-1.0,3.07,2.87,1.0,-11.82,2.0,50260,76,PIR + Pace Top 3 + Money
2025-11-11,Townsville,1,KING AMAR,2,26.0,5,False,-1.0,3.06,2.86,1.0,-10.19,4.0,54375,16,PIR + Money Only
2025-11-14,Q1 Lakeside,7,HELLO BILL,3,34.0,1,True,33.0,2.9,2.8,1.0,-7.41,7.0,108700,83,PIR + Money Only
2025-11-14,Sandown Park,1,PAW YANELLE,2,18.9,6,False,-1.0,2.2,2.0,1.0,-8.22,3.0,59145,55,PIR + Pace Top 3 + Money
2025-11-14,Sandown Park,12,PAW ERINA,2,17.2,4,False,-1.0,3.77,3.57,1.0,-12.16,1.0,71246,77,PIR + Pace Leader + Money
2025-11-15,Dubbo,8,ZIPPING CHETTY,3,23.0,3,False,-1.0,2.45,2.35,1.0,-6.09,4.0,65385,29,PIR + Money Only
2025-11-15,The Meadows,9,PAPA EASY,7,15.4,8,False,-1.0,2.38,2.58,1.0,-0.76,8.0,35795,21,PIR + Money Only
2025-11-16,Healesville,11,MASSETER,2,17.5,4,False,-1.0,2.14,1.94,1.0,-2.64,5.0,37377,35,PIR + Money Only
2025-11-16,Sale,9,TICK RETURNS,6,17.4,2,False,-1.0,2.4,2.5,1.0,-10.37,1.0,35825,53,PIR + Pace Leader + Money
2025-11-19,Meadows (MEP),12,STAR OF VENUS,4,21.0,6,False,-1.0,3.24,3.24,1.0,-10.3,5.0,53456,93,PIR + Money Only
2025-11-20,Casino,4,RAMPANI,2,19.0,5,False,-1.0,3.26,3.06,1.0,-9.73,8.0,81790,58,PIR + Money Only
2025-11-20,Hobart,9,KIWI ICE CUBE,4,21.0,6,False,-1.0,3.07,3.07,1.0,-10.53,3.0,36900,54,PIR + Pace Top 3 + Money
2025-11-21,Q1 Lakeside,3,TOP SHELF TIM,1,26.0,4,False,-1.0,3.61,3.31,1.0,-10.47,5.0,53720,67,PIR + Money Only
2025-11-21,Q1 Lakeside,11,SQUEAKY CARROLL,5,18.0,3,False,-1.0,3.32,3.32,1.0,-12.03,6.0,34840,40,PIR + Money Only
2025-11-21,The Meadows,5,MITZI ROCKS,7,18.3,7,False,-1.0,2.56,2.76,1.0,-9.28,1.0,83980,55,PIR + Pace Leader + Money
2025-11-21,The Meadows,6,ZIPPING ANDORA,4,29.0,1,True,28.0,3.18,3.18,1.0,-8.33,5.0,33125,33,PIR + Money Only
2025-11-22,Sandown Park,2,SWEET SUNDOWN,1,17.9,7,False,-1.0,2.57,2.27,1.0,-7.21,5.0,113290,54,PIR + Money Only
2025-11-23,Healesville,6,FURIOSO RICK,1,19.5,2,False,-1.0,2.41,2.11,1.0,-1.34,7.0,30740,27,PIR + Money Only
2025-11-23,Sale,7,JUMBUK SACHIN,5,15.3,3,False,-1.0,2.73,2.73,1.0,-9.76,5.0,31200,33,PIR + Money Only
2025-11-25,Grafton,10,RAMPANI,7,15.0,5,False,-1.0,3.29,3.49,1.0,-9.8,7.0,81790,59,PIR + Money Only
2025-11-27,The Meadows,8,PAW GERTRUDE,1,18.5,4,False,-1.0,2.65,2.35,1.0,-4.63,5.0,47445,40,PIR + Money Only
2025-11-28,Warragul,12,TOOTSIE,4,17.5,5,False,-1.0,2.31,2.31,1.0,-10.19,3.0,31782,87,PIR + Pace Top 3 + Money
2025-11-29,Wentworth Park,9,MIA SHE'S FAST,6,34.0,8,False,-1.0,2.88,2.98,1.0,-8.44,5.0,85955,49,PIR + Money Only
2025-12-03,Gunnedah,12,RAVEN NIGHTHAWK,6,41.0,4,False,-1.0,3.29,3.39,1.0,-12.27,3.0,47555,41,PIR + Pace Top 3 + Money
2025-12-03,Meadows (MEP),8,ASTON ALLURE,8,41.0,7,False,-1.0,3.0,3.3,1.0,-12.89,1.0,33390,72,PIR + Pace Leader + Money
2025-12-03,Q1 Lakeside,10,JOHNNY NO ICE,4,21.0,6,False,-1.0,3.57,3.57,1.0,-13.21,5.0,36215,28,PIR + Money Only
2025-12-04,Sandown Park,4,MITZI ROCKS,1,18.5,3,False,-1.0,2.61,2.31,1.0,-9.28,1.0,85055,57,PIR + Pace Leader + Money
2025-12-06,Cannington,6,SHEPHERD'S WAY,5,41.0,3,False,-1.0,3.53,3.53,1.0,-11.9,4.0,38602,30,PIR + Money Only
2025-12-06,The Meadows,6,PAW ERINA,3,16.7,1,True,15.7,3.76,3.66,1.0,-12.02,1.0,78046,80,PIR + Pace Leader + Money
2025-12-07,Healesville,10,FIGURE IT OUT,1,25.9,6,False,-1.0,3.0,2.7,1.0,-7.07,5.0,38510,52,PIR + Money Only
2025-12-08,Q Straight,7,MORE CAPERS,1,23.0,4,False,-1.0,4.1,3.8,1.0,-11.33,5.0,30450,31,PIR + Money Only
