TrackName,RaceNumber,Distance,BoxNumber,GreyhoundName,HistoricalPace,CurrentOdds
Ballarat,1,450,1,KIWI FRED,,
Ballarat,1,450,2,SERENA KADE,,
Ballarat,1,450,3,QUEEN DARCIE,,
Ballarat,1,450,4,THUNDERING THEO,,
Ballarat,1,450,5,JUNEAU QUADRANT,,
Ballarat,1,450,6,YOUR MATE JAGGER,,
Ballarat,1,450,7,REINDEER JACK,,
Ballarat,1,450,8,MAGIC BOCCA,,
Ballarat,2,450,1,STARBORN,,
Ballarat,2,450,2,REV MARTIN,-19.442369930772543,
Ballarat,2,450,3,GRAPEFRUIT ZIPPY,,
Ballarat,2,450,4,WHERE'S THE GOLD,,
Ballarat,2,450,5,IVORY NARA,-13.68836463417692,
Ballarat,2,450,6,THREE VOTES NICK,,
Ballarat,2,450,7,WYONG PATRICK,,
Ballarat,2,450,8,TRUST IN PROCESS,,
Ballarat,3,390,1,HEY LACEY,,
Ballarat,3,390,2,THRILL SEEKER,,
Ballarat,3,390,3,JILLY HILL,,
Ballarat,3,390,4,PAW ORENTHAL,,
Ballarat,3,390,5,WHITE SCOTCH,,
Ballarat,3,390,6,SAVE ME GARY,,
Ballarat,3,390,7,COMMANCHE JACK,,
Ballarat,3,390,8,RUPEE STAR,,
Ballarat,4,390,1,PANIPUCCI,-12.058228355603962,
Ballarat,4,390,2,MISS KOBLENZ,-5.908879326860583,
Ballarat,4,390,3,PAW ALIA,-9.217781181556102,
Ballarat,4,390,4,PAW PRYDI,-8.671570811651321,
Ballarat,4,390,5,HEATHCOTE RUPEE,,
Ballarat,4,390,6,PAW SAPPHIRE,,
Ballarat,4,390,7,PAW AMALFI,-13.594021531455038,
Ballarat,4,390,8,IMPRESS UBUD,-12.467777126810917,
Ballarat,5,390,1,PLAY LAB,-1.3343237852292174,
Ballarat,5,390,2,LIGHTNING RANGE,-4.639727684143962,
Ballarat,5,390,3,SPRING LASSEN,-3.097968012208329,
Ballarat,5,390,4,SALTY SNOOP,-12.315665401652803,
Ballarat,5,390,5,SPECIAL TEAMS,-6.291821668764495,
Ballarat,5,390,6,KING OF KINDRED,-3.721505699065213,
Ballarat,5,390,7,PAW RIVAL,-2.6112266113310922,
Ballarat,5,390,8,MYRNIONG STORM,-1.0350710021442207,
Ballarat,6,450,1,COOKIE MAN,-1.8218612641123837,
Ballarat,6,450,2,SHIMA TIME,-11.671631317855342,
Ballarat,6,450,3,KIWI JAY,-5.291167252751693,
Ballarat,6,450,4,EPIC STORY,-8.364390779426614,
Ballarat,6,450,5,REUBEN HILL,-10.709524737137983,
Ballarat,6,450,6,RETALIATION,,
Ballarat,6,450,7,MARRAKESH,-7.909085359663834,
Ballarat,6,450,8,KIANI STAR,-11.787694133406323,
Ballarat,7,450,1,MR. JONES,,
Ballarat,7,450,2,FRED THE FOX,-23.328681347701554,
Ballarat,7,450,3,BLUE STEAK,-9.689912393591202,
Ballarat,7,450,4,MONUMENT,-5.29677159521009,
Ballarat,7,450,5,BOOTLEG TOMMY,,
Ballarat,7,450,6,COME ON LUBA,-10.174379817815112,
Ballarat,7,450,7,YAYA SALLY,,
Ballarat,7,450,8,WIZARD WATSON,,
Ballarat,8,545,1,COMPTON GOLD,-5.661015530299087,
Ballarat,8,545,2,MY DEAR FRIEND,-11.904885866756178,
Ballarat,8,545,3,HONK HONK,-9.875865102526959,
Ballarat,8,545,4,URANA PARALLAX,-7.62658206853055,
Ballarat,8,545,5,HE SHINES,-8.322174645214794,
Ballarat,8,545,6,JONI BLACK,-7.995827952246164,
Ballarat,8,545,7,MISTER MANFREDI,-11.187095346517264,
Ballarat,8,545,8,ETHANOL SECRET,-10.497487408902547,
Ballarat,9,390,1,ISHIKAWA LASS,-4.075710959671536,
Ballarat,9,390,2,ELITE ONE,-5.202549973530045,
Ballarat,9,390,3,SILENT KNIGHT,-3.257345374190846,
Ballarat,9,390,4,MAJOR ALLEN,-8.002547277791832,
Ballarat,9,390,6,BEAR THE BRUNT,-3.8325326828345183,
Ballarat,9,390,7,WOW HIS NORM,-14.497349976409032,
Ballarat,9,390,8,AUSSIE CLASSIC,-8.11088537187599,
Ballarat,10,390,1,ONE LAST BEER,0.576814765237459,
Ballarat,10,390,2,MORNING MIST,-14.260551511674862,
Ballarat,10,390,3,REIKO SURGE,-13.542202694357766,
Ballarat,10,390,4,AUSSIE WAGYU,-4.360593086247624,
Ballarat,10,390,6,VASTUS,-4.979296554231732,
Ballarat,10,390,7,HOLYFIELD CHIC,-5.914789863691513,
Ballarat,10,390,8,ASTON SCANNER,-4.3368347529663245,
Ballarat,11,390,1,FLYING PETRUS,-9.797706042563366,
Ballarat,11,390,2,SUNNY BOY,-11.357781623062403,
Ballarat,11,390,3,SALEENA BALE,-7.705213572273226,
Ballarat,11,390,4,EXTORTION,,
Ballarat,11,390,6,SLICK IVAN,-12.270936020972737,
Ballarat,11,390,7,GALLOPING HAPPY,-8.885792273785956,
Ballarat,11,390,8,OUR PATCH,-6.404501323059198,
Ballarat,12,390,1,RUPEE ACTION,-5.974946632223846,
Ballarat,12,390,2,IMPEL,-3.8348690376683714,
Ballarat,12,390,3,HEAVY HAULAGE,-0.26735917092458783,
Ballarat,12,390,4,OUT OF ELITE,-4.1932230008810905,
Ballarat,12,390,5,INSINUATING,-3.8595394519438324,
Ballarat,12,390,6,IDYLLIC JAMES,-2.934190653111399,
Ballarat,12,390,7,LET IT LINGER,-8.744990017935965,
Ballarat,12,390,8,IT'S BUBBLE TIME,-9.022952164942986,
Ballarat,13,390,1,CHEMICAL EROSION,-3.690721447456595,
Ballarat,13,390,2,RED ED,-8.016120636997588,
Ballarat,13,390,3,PAW XARIA,-4.940858996546675,
Ballarat,13,390,4,ZOOM BOOM,-3.0237217132078964,
Ballarat,13,390,5,FOXY ROXY,-11.319473640156172,
Ballarat,13,390,6,CRACKERJACK HOPS,-6.454684817880915,
Ballarat,13,390,7,PAW JENNEKE,-5.09546462828011,
Ballarat,13,390,8,RAMPAGE ROCKY,-9.660439927560224,
Ballarat,14,390,1,PAW KIPLIN,-12.71383129152241,
Ballarat,14,390,2,PAW BASTOW,-9.124671709544058,
Ballarat,14,390,3,VINNY DEWALT,-14.75967700064137,
Ballarat,14,390,4,PAW HULL,-13.514711743552121,
Ballarat,14,390,5,MR. OLAF,-10.010968141818093,
Ballarat,14,390,6,ASTON HEDLAND,-10.233394324892782,
Ballarat,14,390,7,SUMO SMASH,-11.146271952890816,
Ballarat,14,390,8,GALLOPING JESSIE,-7.9967292893013,
Bendigo,1,425,1,EVENTFUL DASH,-18.178310665183453,
Bendigo,1,425,2,ESPECIAL KIANI,,
Bendigo,1,425,4,DECIMAL POINT,-14.694697536424263,
Bendigo,1,425,5,SHE'S NOWHERE,-9.62096414759686,
Bendigo,1,425,6,LAKEVIEW MITCH,,
Bendigo,1,425,7,ZORBAY,-17.413767123785572,
Bendigo,1,425,8,JACKY SON,,
Bendigo,2,425,1,IRISH LEGEND,-16.309072309662366,
Bendigo,2,425,2,ZIPPING KENTUCKY,-8.356791297623325,
Bendigo,2,425,3,ELAPIDAE CATHY,,
Bendigo,2,425,4,HOPE IN HARDSHIP,-19.356201153334496,
Bendigo,2,425,5,HE'S WITH ME,-25.901313698086796,
Bendigo,2,425,6,BAMBOO RUPEE,-14.480397906577641,
Bendigo,2,425,7,AUNTY CHERYL,-11.957963436871573,
Bendigo,2,425,8,URANA RADIANT,-20.391251283123133,
Bendigo,3,425,1,LALA CHUCKY,-16.806298098466677,
Bendigo,3,425,2,TIPSY TILLY,-12.775793199568277,
Bendigo,3,425,3,RED TURTLE,-11.357943318546303,
Bendigo,3,425,4,THORNY DEVIL,-16.59222600685369,
Bendigo,3,425,5,GREYSYND BONNIE,-14.660431126349001,
Bendigo,3,425,6,ENERGISER DASH,-18.99362590462012,
Bendigo,3,425,7,MIRACLE MAN,-14.138099233048678,
Bendigo,3,425,8,AUTUMN ANGEL,-16.548351945366072,
Bendigo,4,425,1,MISTY AUTUMN,-14.909694837327379,
Bendigo,4,425,2,WALLAN ACE,-13.671380960796998,
Bendigo,4,425,3,PAW OLIVE,-12.692775488821333,
Bendigo,4,425,4,SURGING,,
Bendigo,4,425,5,DIVERGENCE,-16.122170955431493,
Bendigo,4,425,6,PRESENT GIFT,-14.476372594382434,
Bendigo,4,425,7,PUNCH DRUNK LOVE,-15.269187837545761,
Bendigo,4,425,8,RACEY STACEY,-15.19312611247857,
Bendigo,5,425,1,DUCHESS GEORGIA,-13.786684451155356,
Bendigo,5,425,2,ETHANOL VISION,-15.28721092939244,
Bendigo,5,425,3,ROCK SHOW,-16.0407273772722,
Bendigo,5,425,4,STEP ON AIR,-17.50206434944479,
Bendigo,5,425,5,ATOMIC DIVA,-11.713240959190193,
Bendigo,5,425,6,PAW JUDAS,-9.98045922352386,
Bendigo,5,425,7,HELLO COOPER,-10.591882347137652,
Bendigo,5,425,8,MY GIRL KELLIE,-15.222756545243726,
Bendigo,6,500,1,PAW SUMMER,-16.266572842322574,
Bendigo,6,500,2,RANGER'S GIRL,-16.11297504527617,
Bendigo,6,500,3,HARD COMPASS,-16.14101604529091,
Bendigo,6,500,4,MCIVOR JEWELS,-7.269342304568964,
Bendigo,6,500,5,KAIA GOT SQUARE,-15.168736060146973,
Bendigo,6,500,6,VISTA VANADIUM,-22.499188776373497,
Bendigo,6,500,7,LEAVE ME IN,-18.33175853169016,
Bendigo,6,500,8,BLUER THAN BLUE,-14.364199133244176,
Bendigo,7,500,1,ANGELANI,-11.287167423931907,
Bendigo,7,500,2,GOLD VENOM,-16.15789833985533,
Bendigo,7,500,3,KRAKEN SCOOBY,-13.822570609546167,
Bendigo,7,500,4,TEXAS COWGIRL,-15.700953681317273,
Bendigo,7,500,5,SHARPEN UP,-13.88289223664584,
Bendigo,7,500,6,OLYMPIA ONYX,-16.331061215374884,
Bendigo,7,500,7,IDYLLIC MEYER,-18.876439942650265,
Bendigo,7,500,8,DARK MIRACLE,-13.120411294341896,
Bendigo,8,500,1,URANA STORM,-9.433963094910062,
Bendigo,8,500,2,REBEL THINKER,-15.878528718037998,
Bendigo,8,500,3,VINTAGE KING,-16.0400128524284,
Bendigo,8,500,4,CLASSIC GREY,-15.587070493201832,
Bendigo,8,500,5,UTAH ICON,-8.888943931722284,
Bendigo,8,500,6,RIPPING IT UP,-13.04393231049487,
Bendigo,8,500,7,LIZARD COUNTRY,-11.712739957866082,
Bendigo,8,500,8,SMOOTH RANGER,-13.413951273116306,
Bendigo,9,425,1,MY MATE HUX,-24.58555487198884,
Bendigo,9,425,2,YANKEE BLOOD,-16.256999320567846,
Bendigo,9,425,3,BEAST ABLAZE,-23.655986196076686,
Bendigo,9,425,4,MAD MAX,-13.424508818202003,
Bendigo,9,425,5,MORAINE BLUEY,-16.008445654101926,
Bendigo,9,425,6,PAW RAMELLO,-19.740559071100222,
Bendigo,9,425,7,AUBREY MISS,-14.037393098388367,
Bendigo,9,425,8,MORAINE TREVOR,-15.055719588574902,
Bendigo,10,425,1,FLUENT ACTION,-4.2930899827725675,
Bendigo,10,425,2,VALLETTA MOON,-6.4955171369308475,
Bendigo,10,425,3,HIS SPECIAL,-12.412579508288589,
Bendigo,10,425,4,HOLLYWOOD ICON,-9.461040169982414,
Bendigo,10,425,5,JAZZY BELLE,-11.759523390035492,
Bendigo,10,425,6,TIPSY TURTLE,-6.475657050996327,
Bendigo,10,425,7,GOLD STRIPES,-12.507670992215417,
Bendigo,10,425,8,BEAST POWER,-15.894158219294374,
Bendigo,11,425,1,LEONESSA,-5.97221592099715,
Bendigo,11,425,2,JARMON,-8.271086972325403,
Bendigo,11,425,3,HOLLYWOOD FRANKY,-8.841305104716735,
Bendigo,11,425,4,LEKTRA DAMIAN,-13.391210617671899,
Bendigo,11,425,5,COSMIC REWARD,-8.74921813198583,
Bendigo,11,425,6,SMOOTH TIGER,-16.996854611883805,
Bendigo,11,425,7,BAIJIU,-14.077315086314362,
Bendigo,11,425,8,PIEBALD,-5.042637759052586,
Bendigo,12,425,1,HIGHWAY HOOLIGAN,-9.294815199845042,
Bendigo,12,425,2,SMILING BEE,-13.380296018306492,
Bendigo,12,425,3,ALLIE,-6.775750442041191,
Bendigo,12,425,4,JACK'S REGRET,-15.45344978640261,
Bendigo,12,425,5,GO BACK,-10.919627846025406,
Bendigo,12,425,6,TORNADO JACK,-13.328323205478728,
Bendigo,12,425,7,MCIVOR MORGAN,-11.237923470178625,
Bendigo,12,425,8,LAINEY JANE,-9.014203322552934,
Bendigo,13,425,1,SLIPPERY SHARK,-16.869892078123275,
Bendigo,13,425,2,MISS LADY BUG,-20.082935657705878,
Bendigo,13,425,3,COLLINDA PEARL,-19.189838571177784,
Bendigo,13,425,4,JOHN BOY,-17.09883652031297,
Bendigo,13,425,5,SHE'S ICONIC,-21.572257449835753,
Bendigo,13,425,6,QUANTUM MASTER,-19.590829555814064,
Bendigo,13,425,7,STELLA ROSE,-17.096149121369713,
Bendigo,13,425,8,OUT THE WINDOW,-15.7210452173156,
Bet Deluxe Capalaba,1,366,1,ZABDON CREAM BUN,-18.385847575338552,
Bet Deluxe Capalaba,1,366,2,BUGATTI MARVEL,,
Bet Deluxe Capalaba,1,366,4,JIMARY BUTTERFLY,,
Bet Deluxe Capalaba,1,366,5,SIN CITY SISTER,,
Bet Deluxe Capalaba,1,366,7,BIG EDDIE,-11.79680021481317,
Bet Deluxe Capalaba,1,366,8,FASCINATE MARK,-12.999473085312747,
Bet Deluxe Capalaba,2,366,1,SERENA BEACH,,
Bet Deluxe Capalaba,2,366,2,MY MINUET,-19.198670883374767,
Bet Deluxe Capalaba,2,366,3,FUELED ON VENOM,,
Bet Deluxe Capalaba,2,366,4,BACK CULLEN ROAD,,
Bet Deluxe Capalaba,2,366,6,FIGHTING FAIR,-19.725131812446488,
Bet Deluxe Capalaba,2,366,7,BUGATTI MAVERICK,,
Bet Deluxe Capalaba,2,366,8,SUPREME COMANDER,-11.829791073777022,
Bet Deluxe Capalaba,3,366,1,UNACCEPTABLE ROB,,
Bet Deluxe Capalaba,3,366,2,DEPUTY,,
Bet Deluxe Capalaba,3,366,4,ZABDON BLONDIE,-12.57181990230438,
Bet Deluxe Capalaba,3,366,5,VIA HERRERA,-13.784544107701532,
Bet Deluxe Capalaba,3,366,7,CRISIS AVERTED,-19.051854343922844,
Bet Deluxe Capalaba,3,366,8,CRISP RIDE ON,-10.570818665489309,
Bet Deluxe Capalaba,4,366,1,OUTBACK GOLD,-5.1163485652057,
Bet Deluxe Capalaba,4,366,2,DAYSEA'S ELVIS,-7.456157314763324,
Bet Deluxe Capalaba,4,366,3,KENNY DUTTON,-7.158897640744366,
Bet Deluxe Capalaba,4,366,4,LOOKING FANCY,-6.408714848415094,
Bet Deluxe Capalaba,4,366,6,MR FRESH,-10.084385169089051,
Bet Deluxe Capalaba,4,366,7,CRICKLE OWL VIC,-5.0718295177205235,
Bet Deluxe Capalaba,4,366,8,CASINO SPECIAL,-5.486074578966302,
Bet Deluxe Capalaba,5,366,1,ELLIE RHEE COURT,-23.93723898161333,
Bet Deluxe Capalaba,5,366,2,MRS. ESHAY,-11.733666252414405,
Bet Deluxe Capalaba,5,366,3,CURIOUS CAZA,-10.572471284761368,
Bet Deluxe Capalaba,5,366,4,ICY HOT,-12.843328555676809,
Bet Deluxe Capalaba,5,366,5,GOLD TIP,-14.543568842558443,
Bet Deluxe Capalaba,5,366,6,CANYA HAMMER,-9.027242311946193,
Bet Deluxe Capalaba,5,366,7,SOMERSET BLUEY,-13.562237680985826,
Bet Deluxe Capalaba,5,366,8,BYE BYE TAIPAN,-7.301625436087863,
Bet Deluxe Capalaba,6,366,1,SOLO RUPEE,-10.771957301390241,
Bet Deluxe Capalaba,6,366,2,ZIPPING ELIJAH,-7.097047721733473,
Bet Deluxe Capalaba,6,366,3,ZABDON SKIPPY,-13.219229381281327,
Bet Deluxe Capalaba,6,366,4,BELLA BUNYIP,-9.96223768098581,
Bet Deluxe Capalaba,6,366,5,TWO TONE TOMMY,-14.712243646401191,
Bet Deluxe Capalaba,6,366,6,AYRTON HERRERA,-14.750847968079517,
Bet Deluxe Capalaba,6,366,7,MYSTIC MIRAGE,-13.735795749335784,
Bet Deluxe Capalaba,6,366,8,SOMERSET JESSE,-21.116619530095967,
Bet Deluxe Capalaba,7,366,1,SKIP THE CUE,-10.601079570420804,
Bet Deluxe Capalaba,7,366,2,RATTLESNAKE PIE,-17.44287245315659,
Bet Deluxe Capalaba,7,366,3,WALLY'S BOY,-14.96368067293219,
Bet Deluxe Capalaba,7,366,4,HAVANA MAGIC,-10.679569830263377,
Bet Deluxe Capalaba,7,366,5,SOLAR ROSE,-12.692775191764781,
Bet Deluxe Capalaba,7,366,6,MAPS,-13.956661728327031,
Bet Deluxe Capalaba,7,366,7,TURBO TULLY,-12.86532125213537,
Bet Deluxe Capalaba,7,366,8,BILLIE CASH KID,-19.1273650513276,
Bet Deluxe Capalaba,8,366,1,HOROLOGY,-14.141931500511777,
Bet Deluxe Capalaba,8,366,2,MISS ZANELLOTTI,-12.269722781636677,
Bet Deluxe Capalaba,8,366,3,EAST COAST,-11.03439995139583,
Bet Deluxe Capalaba,8,366,4,CHEESY EASY,-14.767771959003417,
Bet Deluxe Capalaba,8,366,5,INDIAN RUPEE,-9.528797811884145,
Bet Deluxe Capalaba,8,366,6,UP BEAT,-14.709414358069603,
Bet Deluxe Capalaba,8,366,7,SERGEANT GREEN,-15.658228470531203,
Bet Deluxe Capalaba,8,366,8,SHY HI,-8.010640614731626,
Bet Deluxe Capalaba,9,366,1,ZIPPING LIPA,-5.556029737498453,
Bet Deluxe Capalaba,9,366,2,MY MATE NICK,-8.176668277478964,
Bet Deluxe Capalaba,9,366,3,MEMORY OF MUM,-9.220497791520051,
Bet Deluxe Capalaba,9,366,4,KINGSBRAE WESTLY,-5.6941192216835415,
Bet Deluxe Capalaba,9,366,6,MORRISETTE,-9.997798433011052,
Bet Deluxe Capalaba,9,366,7,HAUNTED TOWN,-16.238776703480582,
Bet Deluxe Capalaba,9,366,8,IMPOSING BLADE,-8.092439718091525,
Bet Deluxe Capalaba,10,366,1,DEMURE DAMIRO,-12.008845764718748,
Bet Deluxe Capalaba,10,366,2,BLUE FIFTY,,
Bet Deluxe Capalaba,10,366,3,BLACK RASPBERRY,-9.419290523095006,
Bet Deluxe Capalaba,10,366,4,CLIFF CLAVIN,-7.336216402745855,
Bet Deluxe Capalaba,10,366,5,TRIPPER ART,-11.104126608391491,
Bet Deluxe Capalaba,10,366,6,JIMARY BOB,-4.766466461717063,
Bet Deluxe Capalaba,10,366,7,CANYA LAUNCH,-25.290645324673726,
Bet Deluxe Capalaba,10,366,8,ZABDON IS BACK,-7.691896449002741,
Bet Deluxe Capalaba,11,366,1,PIERRE HAYZE,-13.807060906050499,
Bet Deluxe Capalaba,11,366,2,SURREALIST,-6.243536847024203,
Bet Deluxe Capalaba,11,366,3,HARA'S SQUASH,-6.957960544049536,
Bet Deluxe Capalaba,11,366,4,DAYSEA'S ZIGGY,-8.29486860940329,
Bet Deluxe Capalaba,11,366,6,MR. UNFLAPPABLE,-8.701625436087859,
Bet Deluxe Capalaba,11,366,7,DEATH ADDER,-7.464942133729437,
Bet Deluxe Capalaba,11,366,8,HOOKED ON LIES,-11.889912283917493,
Cannington,1,381,1,SOUL SURFER,,
Cannington,1,381,3,BOSS DELUXE,,
Cannington,1,381,5,VICE LIKE GRIP,,
Cannington,1,381,7,ACE DELUXE,,
Cannington,2,275,1,HAKUNA HARADA,-8.313820595641932,
Cannington,2,275,2,NOT MUCH KUNA,-3.3957063087871893,
Cannington,2,275,3,CHEDDAR MONELLI,-1.7841220309899897,
Cannington,2,275,4,GOLDEN HANDCUFFS,9.914126425853548,
Cannington,2,275,5,LIBERTY STAR,-4.880323619233877,
Cannington,2,275,6,FEARLESS RUSS,-3.2154910040635953,
Cannington,2,275,7,DOLLY DOTTY,-8.73618722813175,
Cannington,2,275,8,CHAROS ROYAL,-8.713820595641932,
Cannington,3,381,1,LARRGADI,-12.044605365974537,
Cannington,3,381,2,WEST ON HALO,-8.067061577338203,
Cannington,3,381,3,SUNSET AMANDA,-12.211177532894473,
Cannington,3,381,4,LITTLE BOUJEE,-9.177763444750031,
Cannington,3,381,5,JUST MUST,-9.223825869048568,
Cannington,3,381,6,LADY FREYA,-6.989937486640322,
Cannington,3,381,7,SPLENDACIOUS,-8.470618651292561,
Cannington,3,381,8,FLASH CODE,-10.980607243830189,
Cannington,4,520,1,DODGY BEAR,,
Cannington,4,520,2,FLY SO HIGH,,
Cannington,4,520,3,DODGY ROCK,,
Cannington,4,520,4,PERPETUUS,,
Cannington,4,520,5,LANSLEY WHISPER,,
Cannington,4,520,6,KING NANGAR,,
Cannington,4,520,7,BING BING SLAYER,,
Cannington,4,520,8,ELECTRA STARR,-58.74105790205725,
Cannington,5,381,1,ELITE EMU,,
Cannington,5,381,2,SPEEDY CRUELLA,-15.940476734289243,
Cannington,5,381,3,SMILE TIME,-11.600959463393856,
Cannington,5,381,4,QUEST FOR STEPS,,
Cannington,5,381,5,LARA MAGIC,-23.796431733817492,
Cannington,5,381,6,JUNGLE DELUXE,-19.26605605196125,
Cannington,5,381,7,BAND FOR BAND,-17.302243828517575,
Cannington,5,381,8,IMPRESS SEMINYAK,-14.6351856087005,
Cannington,6,520,1,AUREATE,-24.582124863358594,
Cannington,6,520,2,NASH MASH,-17.856669613451857,
Cannington,6,520,3,HE'S SAVVY,-16.0992424555587,
Cannington,6,520,4,RED HOT BONNIE,-58.90081057764429,
Cannington,6,520,5,DODGY DANNY,,
Cannington,6,520,6,SPEED CHELLER,-16.253720879005545,
Cannington,6,520,7,PLEASE ME,-19.917102294170952,
Cannington,6,520,8,ELECTRIC KUNA,-17.644463889141605,
Cannington,7,381,1,RED CAN KING,-11.04926456649366,
Cannington,7,381,2,MUST BE SPEEDY,-10.036921691779915,
Cannington,7,381,3,INVESTED,-4.196560339844799,
Cannington,7,381,4,SPEEDY DEVILLE,-4.023824194330645,
Cannington,7,381,5,FEARLESS PARKER,-3.7178622693312007,
Cannington,7,381,6,SOUTHERN STAR,-11.709393149509141,
Cannington,7,381,7,ASTON NERO,-11.470290404250282,
Cannington,7,381,8,THANK YOU JOE,-4.576401501416628,
Cannington,8,520,1,TRUST ME,-13.381660348210758,
Cannington,8,520,2,JAI BUBBA,-21.641899303412067,
Cannington,8,520,3,STRIP WEATHERS,-15.740965600573071,
Cannington,8,520,4,RUN DON'T WALK,-16.7182200582129,
Cannington,8,520,5,ASTON FREDDIE,-12.401931817134397,
Cannington,8,520,6,WYONG EL PASO,-14.324982006215725,
Cannington,8,520,7,RAPIDO WARRIOR,-18.51742849144147,
Cannington,8,520,8,CANYA CELESTE,-12.708229246970017,
Cannington,9,275,1,NIGHT LIGHTER,1.649769245355047,
Cannington,9,275,2,DOREEN KEEPING,-0.8934425898976854,
Cannington,9,275,3,RED HOT BERNIE,3.9518595548771067,
Cannington,9,275,4,ZARA'S SECRET,-8.03298887750539,
Cannington,9,275,5,CAKE IN TUMMY,-1.219569016551456,
Cannington,9,275,6,NED,-2.5936712329849843,
Cannington,9,275,7,FIRE FLY TOUKLEY,-8.06978498608593,
Cannington,9,275,8,AUSSIE TRICKSTER,-8.174524182974196,
Cannington,10,381,1,DOONGALLA BAGGER,-16.615778269890466,
Cannington,10,381,2,NEW HOPE,-14.601355353111028,
Cannington,10,381,3,PRIDE AND POWER,-7.53698475237896,
Cannington,10,381,4,TIANA BANANA,-7.977845074200279,
Cannington,10,381,5,PINT OF SPECIAL,-11.684858029471595,
Cannington,10,381,6,PAID IN FULL,-5.137267156005903,
Cannington,10,381,7,FRANTIC PHYLLIS,-18.79067691193149,
Cannington,10,381,8,FEARLESS COBRA,-6.966681337187781,
Cannington,11,275,1,RAPIDO MYSTIQUE,-0.6898391490728467,
Cannington,11,275,2,SQUEEZE LI,-9.844803415864394,
Cannington,11,275,3,DOUBLE STREAMER,9.222366004900426,
Cannington,11,275,4,PREDATOR GUNDI,26.721122679631133,
Cannington,11,275,5,RED NED GUNDI,-12.022094368302866,
Cannington,11,275,6,ROCKING ROMA,-7.202996670739955,
Cannington,11,275,7,DASHING SERPENT,-13.310956160932998,
Cannington,11,275,8,WARNE MAGIC,-7.177497441854176,
Cannington,12,381,1,REINA,-8.629015981847239,
Cannington,12,381,2,LOCHINVAR LORD,-9.154280289065074,
Cannington,12,381,3,REGGAE MELODY,-13.095151578139596,
Cannington,12,381,4,ROAMIN' AROUND,-8.201428188328032,
Cannington,12,381,5,RIPPIN' PEDRO,-8.095048498023225,
Cannington,12,381,6,BOILER MAKER,-9.86979087053429,
Cannington,12,381,7,WISECRACKER,-8.195268903485518,
Cannington,12,381,8,RAPIDO PRONTO,-8.483655473838834,
Gawler,1,400,1,TOWN STRANGER,-6.721626979951016,1.05
Gawler,1,400,2,IMAGINE THE FUN,-5.656732457839801,1.05
Gawler,1,400,4,TODD KEEPING,-13.457745065666993,1.05
Gawler,1,400,6,SILK SONIC,-9.710001337076754,1.05
Gawler,1,400,8,NEEDS SPACE,-5.032814686189973,1.05
Gawler,2,400,1,MISS GRAVITY,-11.360887268697605,1.05
Gawler,2,400,2,CABAO MARBLE,-12.841880117446468,1.05
Gawler,2,400,4,ETHANOL UNLEADED,-9.622126349114357,1.05
Gawler,2,400,6,JOKER'S QUEEN,-8.949448355880861,1.05
Gawler,2,400,8,CARRY ON CASEY,-6.815565683476291,1.05
Gawler,3,400,1,COMMANDO RAID,-11.427377032446476,1.05
Gawler,3,400,2,SUPER WINGS,-18.00145373305491,1.05
Gawler,3,400,4,ARCHER TWELVE,-15.309130992543135,1.05
Gawler,3,400,5,ROLL ON COASTER,,1.05
Gawler,3,400,7,ARCHER ELEVEN,-21.169476288493748,1.05
Gawler,3,400,8,ELBOWS ALLEYWAY,-23.13450045921347,1.05
Gawler,4,400,1,NEON BLUE,-10.0143943925011,1.05
Gawler,4,400,2,LITTLE STEFANIA,-14.653037093313092,1.05
Gawler,4,400,4,SEBON DIVA,-11.43006163227326,1.05
Gawler,4,400,5,MINIATURE FURY,-12.270204582468283,1.05
Gawler,4,400,7,WAIKARIE KOBY,-10.446676116636112,1.05
Gawler,4,400,8,PHYLLOXERA FURY,-14.089511846933059,1.05
Gawler,5,400,1,CANTARA PEARL,-8.286892496571454,1.05
Gawler,5,400,2,JUST IS,-12.782841855854487,1.05
Gawler,5,400,4,PADUCAH,-5.85370848789888,1.05
Gawler,5,400,5,ICE COOL BLUE,-10.404771943891564,1.05
Gawler,5,400,7,ON THE STRIP,-12.173436610962817,1.05
Gawler,5,400,8,ALLINGA AMY,-11.48257879767271,1.05
Gawler,6,400,1,PHANTOM CARAT,-14.86526523320696,1.05
Gawler,6,400,2,ARCHER NINE,-16.508846315392365,1.05
Gawler,6,400,4,OUR LAURA ROSE,-14.91096388337552,1.05
Gawler,6,400,5,CHRISTOFF,-18.876864991233166,1.05
Gawler,6,400,7,FAR OUT LEXI,-14.303274114094998,1.05
Gawler,6,400,8,SHAKA GOES BANG,-14.843870078905777,1.05
Gawler,7,400,1,ASTON VERONA,-12.643576078209064,1.05
Gawler,7,400,2,HAYDEN'S MILK,-10.006333519345835,1.05
Gawler,7,400,4,HONEYPARK,-12.123174108903184,1.05
Gawler,7,400,5,SPLIT VISION,-12.41883540816966,1.05
Gawler,7,400,7,STEEL SKIES,-13.41776605199891,1.05
Gawler,7,400,8,TODD'S LUKA,-13.486575119617124,
Gawler,8,400,1,GRAVITATE,-15.511635267903902,1.05
Gawler,8,400,2,FORGOTTEN FURY,-13.03883390857585,1.05
Gawler,8,400,4,HUXI BEAR,-13.295012022949857,1.05
Gawler,8,400,5,SEBON DISCO,-13.162872166303245,1.05
Gawler,8,400,7,ALPHA BLOKE,-11.01397119147222,1.05
Gawler,8,400,8,SANDYCOVE,-10.580316966046034,1.05
Gawler,9,400,1,TRIVIA,-7.370748343587207,1.05
Gawler,9,400,2,OREGON HUTAN,-10.922417155048738,1.05
Gawler,9,400,4,AUSSIE WISH,-9.687802481152149,1.05
Gawler,9,400,6,NO FINES,-7.361677358733878,1.05
Gawler,9,400,8,SHE'S FIRED UP,-6.9206306868829275,1.05
Gawler,10,400,1,EAT THE TICKET,-17.74634290793297,1.05
Gawler,10,400,2,BO CRUZ,-0.45420980745321593,1.05
Gawler,10,400,4,CARRY ON IZZY,-5.206699285632981,1.05
Gawler,10,400,6,BULSARA,-6.880628920530161,1.05
Gawler,10,400,8,FLASH GORDON,-5.5375853305247515,1.05
Gunnedah,1,340,1,ORANA JOEL,,
Gunnedah,1,340,2,LUMEAH SPARKLES,-18.996887410497138,
Gunnedah,1,340,3,CASUAL MIA,,
Gunnedah,1,340,4,ORANA JOHNNY,-17.850509432185028,
Gunnedah,1,340,5,ORANA AMY,,
Gunnedah,1,340,6,BLOCKER'S MATE,-21.885598995058224,
Gunnedah,1,340,7,MY WEE LASS,,
Gunnedah,1,340,8,JUNGLE TICKET,-20.32909067305834,
Gunnedah,2,340,1,DEUCES,,
Gunnedah,2,340,2,QUITE PROMISING,-18.891972247181847,
Gunnedah,2,340,3,DRINK TO THAT,,
Gunnedah,2,340,4,LOVELY BUBBLY,-13.346351384257792,
Gunnedah,2,340,5,IRINKA CLAY,,
Gunnedah,2,340,6,JUST ADD WATER,,
Gunnedah,2,340,7,ORANA JET,,
Gunnedah,2,340,8,ORANA JASPER,,
Gunnedah,3,527,1,CREEPING MYLO,-10.03220984978395,
Gunnedah,3,527,2,MOTOR CITY TIG,-20.084852306948267,
Gunnedah,3,527,3,ZIPPING FRIDA,-16.41167289702244,
Gunnedah,3,527,4,JUNGLE MISS,-16.270444623632187,
Gunnedah,3,527,5,IMPRESS ELSA,-17.847066710203233,
Gunnedah,3,527,6,LUMEAH NANCY,-9.01761146535802,
Gunnedah,3,527,7,RAMPAGER,-17.256631931658045,
Gunnedah,3,527,8,LARAMIE KEEPING,-18.526642982987802,
Gunnedah,4,431,1,MR. CREDITS,-12.421334923832285,
Gunnedah,4,431,2,BENTLEY FISHER,-9.85455702048341,
Gunnedah,4,431,3,FANCY CHICK,-13.37359660889553,
Gunnedah,4,431,4,TRENT CRIMM,-12.694197984248335,
Gunnedah,4,431,6,GENUINE ARTICLE,-12.90853933606499,
Gunnedah,4,431,7,ZARA GO ON,-17.179173988961328,
Gunnedah,4,431,8,WE'LL SEE,-12.31485929045102,
Gunnedah,5,431,1,ELSA ABOVE,-14.208739553753048,
Gunnedah,5,431,2,LUMEAH RYAN,-8.830279311842949,
Gunnedah,5,431,3,NICMAC STAR,-12.118192471531835,
Gunnedah,5,431,4,JUNIOR CREEK,-11.402774819462604,
Gunnedah,5,431,6,NORTHERN TIGER,-12.133512187655649,
Gunnedah,5,431,7,PRIVATE JAKE,-8.661430491802058,
Gunnedah,5,431,8,LEKTRA BELLA,-13.449554830468852,
Gunnedah,6,340,1,KIANDO VITALITY,-15.636431274299179,
Gunnedah,6,340,2,KUTA BEACH,-16.22508750566277,
Gunnedah,6,340,3,ZULU MAY,-14.322244660710709,
Gunnedah,6,340,4,TWO ODD SOCKS,-17.149845498765558,
Gunnedah,6,340,5,MULWEE MAUDIE,-17.322540296951384,
Gunnedah,6,340,6,DALAIR JESS,-13.887990198666907,
Gunnedah,6,340,7,DAM PANAMA,-11.05938143921719,
Gunnedah,6,340,8,MYTHIC,-8.084017470330046,
Gunnedah,7,340,1,SWEET ZEAL,-16.7106277289023,
Gunnedah,7,340,2,SUDDEN SURPRISE,-14.201804591520169,
Gunnedah,7,340,3,RHI'S GIRL,-19.642411292077657,
Gunnedah,7,340,4,URBAN BREAM,-15.510808975226379,
Gunnedah,7,340,5,ORANA SARGE,-14.713078717635842,
Gunnedah,7,340,6,QUICK EDITION,-15.111836867664158,
Gunnedah,7,340,7,SCOOTIN' SCOOBY,-10.94929913515898,
Gunnedah,7,340,8,KIANDO HUNT,-10.781323607356878,
Gunnedah,8,340,1,PAW KINSLEY,-16.760924503279146,
Gunnedah,8,340,2,MY IRISH,-6.786048087391985,
Gunnedah,8,340,3,VERY BEST BUDDY,-15.501639579213679,
Gunnedah,8,340,4,SAY NO MAY,-13.3346600761701,
Gunnedah,8,340,5,BRONTE BEACH,-16.44708593914605,
Gunnedah,8,340,6,WINGADEE,-15.489293726311368,
Gunnedah,8,340,7,SNOOPING,-14.523397539007785,
Gunnedah,8,340,8,TRAIN TICKET,,
Gunnedah,9,340,1,MY HARLEY,-8.786089976892752,
Gunnedah,9,340,2,CASUAL ESCAPE,-12.657468611376697,
Gunnedah,9,340,3,KUNG FU PANDA,-11.94722956894499,
Gunnedah,9,340,4,ZALI JET POWER,-9.136511798855734,
Gunnedah,9,340,5,LUMEAH TAYLOR,-15.04140575081008,
Gunnedah,9,340,6,DI'S AN ANGEL,-16.459820990059352,
Gunnedah,9,340,7,FIVE LEAF CLOVER,-16.190583065446003,
Gunnedah,9,340,8,TAMARAMA BEACH,-17.112545074782915,
Gunnedah,10,340,1,BEDAZZLED BUDDY,-10.923292792717149,
Gunnedah,10,340,2,BEAR MAN,-12.106429837094268,
Gunnedah,10,340,3,WATCH THE SPEED,-18.61316274055264,
Gunnedah,10,340,4,SWEET BEVELY ANN,-10.690700134031877,
Gunnedah,10,340,5,KIANDO DIVA,-9.071961598294005,
Gunnedah,10,340,6,FLYING TANGO,-6.503949924730175,
Gunnedah,10,340,7,ZIPPING ODESSA,-12.998567624896461,
Gunnedah,10,340,8,ROYMAN,-11.50214680708371,
Gunnedah,11,340,1,FIVE MILE ROSE,-9.86117248375561,
Gunnedah,11,340,2,MOONSHINE MAN,-21.406300221274016,
Gunnedah,11,340,3,ROBBIE'S POWER,-19.093987987453506,
Gunnedah,11,340,4,LEKTRA BERT,-11.68548054253999,
Gunnedah,11,340,5,COWBOY CARTER,-7.528997611772732,
Gunnedah,11,340,6,JAMAICA RUM,-10.170437557250485,
Gunnedah,11,340,7,TALK ABOUT LILY,-9.67088109884575,
Gunnedah,11,340,8,NOAH BONKERS,-8.905379035085222,
Gunnedah,12,340,1,WARLORD NEV,-9.264456313461197,
Gunnedah,12,340,2,JOCK,-16.645047605917703,
Gunnedah,12,340,4,DENAWEN BEACH,-14.698815414529168,
Gunnedah,12,340,5,CASH RUN,-2.345974826615805,
Gunnedah,12,340,7,ZIG ZAG ZEAL,-8.02658430583991,
Gunnedah,12,340,8,JUST TRACEY,-21.476622394938303,
Meadows (MEP),1,525,1,LADY TSUNADE,-11.182700774200306,
Meadows (MEP),1,525,2,VESTA BALE,,
Meadows (MEP),1,525,4,BACK TALK,,
Meadows (MEP),1,525,5,GRAPEFRUIT WILMA,,
Meadows (MEP),1,525,7,GRAPEFRUIT YAEKO,,
Meadows (MEP),1,525,8,PAW STELLA,,
Meadows (MEP),2,525,1,ULENTA BALE,,
Meadows (MEP),2,525,2,TASTE,,
Meadows (MEP),2,525,4,CHAPPY'S HIKARI,-13.830352323606949,
Meadows (MEP),2,525,6,UNCLE STILTSKIN,,
Meadows (MEP),2,525,8,GRAPEFRUIT TITO,,
Meadows (MEP),3,525,1,DASHING DEREK,,
Meadows (MEP),3,525,2,GRAPEFRUIT SILLY,,
Meadows (MEP),3,525,4,TRIPPED OUT,,
Meadows (MEP),3,525,5,MELVIN BALE,,
Meadows (MEP),3,525,7,VICTORY YACHT,,
Meadows (MEP),3,525,8,HURRICANE,,
Meadows (MEP),4,525,1,PAW GORDY,-6.774457277372802,
Meadows (MEP),4,525,2,SHAKE IT OFF,-5.632402868146182,
Meadows (MEP),4,525,4,ASTON ALLURE,-12.39528994962322,
Meadows (MEP),4,525,6,QUEEN AVENGER,-6.189132276099889,
Meadows (MEP),4,525,8,DASHER BALE,-15.708717236281,
Meadows (MEP),5,525,1,PAW HARRY,-10.530028857657719,
Meadows (MEP),5,525,2,WHATEVER HE SAID,-8.499444904133403,
Meadows (MEP),5,525,3,ZIPPING POITIER,-7.473266035053558,
Meadows (MEP),5,525,4,ONE FOR BILL,-6.231014936550578,
Meadows (MEP),5,525,6,MONEY PALACE,-14.19879995231788,
Meadows (MEP),5,525,7,NO MORE EXTRAS,-12.415780574605815,
Meadows (MEP),5,525,8,PAW XANTHIE,-11.778998918245517,
Meadows (MEP),6,525,1,PAW BENNETT,-6.980407715475674,
Meadows (MEP),6,525,2,JUNEAU PETE,,
Meadows (MEP),6,525,3,SUPER SEAFARER,-11.39797983632823,
Meadows (MEP),6,525,4,WHISPERED,-4.5109776348948385,
Meadows (MEP),6,525,5,KIWI GEORGE,,
Meadows (MEP),6,525,6,REV KEN,-7.692507260865334,
Meadows (MEP),6,525,7,REV OBERON,-15.387306845684531,
Meadows (MEP),6,525,8,REINDEER KEITH,,
Meadows (MEP),7,525,1,IVORY RAMEN,-7.6260294639763675,
Meadows (MEP),7,525,2,GREYSYND WILL,-13.296354533375316,
Meadows (MEP),7,525,3,BLACK RAIDER,-13.804875624485234,
Meadows (MEP),7,525,4,GRAPEFRUIT RACER,,
Meadows (MEP),7,525,5,VICTORY BARRY,,
Meadows (MEP),7,525,6,VICTORY ALBERT,,
Meadows (MEP),7,525,7,POLLY TANGO,,
Meadows (MEP),7,525,8,SAM'S UNIVERSE,-14.1382848331879,
Meadows (MEP),8,600,1,MCIVOR OLLY,-14.25240979410529,
Meadows (MEP),8,600,2,CANYA DIVERSION,-12.273889279607392,
Meadows (MEP),8,600,3,GLOWING ETHICS,-13.094030963349109,
Meadows (MEP),8,600,4,REMI JOY,-5.057977444254105,
Meadows (MEP),8,600,6,BEST FOR LAST,-13.631484428225601,
Meadows (MEP),8,600,7,PAW HELION,-9.099702536446674,
Meadows (MEP),8,600,8,CANYA VIVI,-12.878940016777815,
Meadows (MEP),9,525,1,PAW LOU LOU,-9.322929267706817,
Meadows (MEP),9,525,2,WRECK JAMES,-14.02185270273929,
Meadows (MEP),9,525,3,ROWDY'S BEAST,-8.3846584777933,
Meadows (MEP),9,525,4,PAW GREGSON,-11.00836602302687,
Meadows (MEP),9,525,7,RESISTING,-7.29057873196556,
Meadows (MEP),9,525,8,ZIPPING SANDCHEZ,-5.396083573085557,
Meadows (MEP),10,525,1,AFFORDABILITY,-7.207718460268009,
Meadows (MEP),10,525,2,VELOX BALE,-5.919166657002046,
Meadows (MEP),10,525,3,IN A BIT,-12.621792480448075,
Meadows (MEP),10,525,4,SPICY SEDUCTION,-10.664746630163894,
Meadows (MEP),10,525,6,FILL YOUR BOOTS,-7.0309433552202,
Meadows (MEP),10,525,7,BLACK THUMB,-11.409842537168624,
Meadows (MEP),10,525,8,MISS ROSALEA,-14.940988738408967,
Meadows (MEP),11,525,1,WHERE'S NASSIF,-12.81332089047321,
Meadows (MEP),11,525,2,KING PLUM,-8.75782905738664,
Meadows (MEP),11,525,4,DOTTY'S GIFT,-12.714622650032242,
Meadows (MEP),11,525,6,GUNAI DAISY,-12.942825219413487,
Meadows (MEP),11,525,8,BUSTER BOURBSKI,-12.819777439545822,
Meadows (MEP),12,525,1,STAR OF VENUS,-13.718231670542988,
Meadows (MEP),12,525,2,EDWARD NIGMA,-18.957506034961995,
Meadows (MEP),12,525,4,SANTORINI BALE,-12.108980430160177,
Meadows (MEP),12,525,5,BOMB ROCKY,-17.542094616235655,
Meadows (MEP),12,525,7,BUN QUAKE,-10.94220527859251,
Meadows (MEP),12,525,8,HARVEY INTENTION,-10.807601945292049,
Q1 Lakeside,1,352,1,SMASH THE JOKER,,
Q1 Lakeside,1,352,2,SUNDOWNER STOP,-12.622660940667341,
Q1 Lakeside,1,352,3,RED HOT TWIST,-17.472569296039207,
Q1 Lakeside,1,352,4,ATOMIC BEAU,,
Q1 Lakeside,1,352,5,COUNTRY FORM,,
Q1 Lakeside,1,352,6,SIRIUS MELITA,-13.5937428684954,
Q1 Lakeside,1,352,7,LAKODA JILL,,
Q1 Lakeside,1,352,8,WEATHER MAN RICK,,
Q1 Lakeside,2,352,1,HUMPTY HUGH,-14.256060979776041,
Q1 Lakeside,2,352,2,IMMOVABLE FORCE,-12.380683394427715,
Q1 Lakeside,2,352,3,PEPPIMENARTI,-6.971641122129088,
Q1 Lakeside,2,352,4,HOT PINK DOUBLE,,
Q1 Lakeside,2,352,5,GOLDSTAR HECTOR,-8.219151546530318,
Q1 Lakeside,2,352,6,ACES KEANE,-12.680026899253422,
Q1 Lakeside,2,352,7,PATRIOT PAULINE,,
Q1 Lakeside,2,352,8,ORIGINALITY,,
Q1 Lakeside,3,352,1,SAVANNAH STARS,-16.847401462153982,
Q1 Lakeside,3,352,2,BALANCE THE TILL,,
Q1 Lakeside,3,352,3,LAKODA MILEY,-12.990258605011121,
Q1 Lakeside,3,352,4,SMASH OF GOLD,,
Q1 Lakeside,3,352,5,POOKIE BEAR,,
Q1 Lakeside,3,352,6,SEAMSTRESS,-24.515179342111047,
Q1 Lakeside,3,352,7,PANAMA FLAME,,
Q1 Lakeside,3,352,8,ATOMIC PENNY,,
Q1 Lakeside,4,352,1,HOOKED ON DOLLY,,
Q1 Lakeside,4,352,2,SMASHING DOUBLE,,
Q1 Lakeside,4,352,3,JILLIBY MERCEDES,-18.296357851978588,
Q1 Lakeside,4,352,4,JO AND SHIFTY,,
Q1 Lakeside,4,352,5,DENIM BEACH,,
Q1 Lakeside,4,352,6,POLLY'S FLAME,,
Q1 Lakeside,4,352,7,CUSTARD,-16.417109916457925,
Q1 Lakeside,4,352,8,LADY ELLOISE,,
Q1 Lakeside,5,352,1,SCRUB'S BLUE,,
Q1 Lakeside,5,352,2,NOT ROBINSON,-19.55491563089455,
Q1 Lakeside,5,352,3,KOORINGA KATE,,
Q1 Lakeside,5,352,4,RECIPROCATED,,
Q1 Lakeside,5,352,5,POLAR MAGIC,,
Q1 Lakeside,5,352,6,TAHITIAN STAR,-16.63209488724696,
Q1 Lakeside,5,352,7,TRAVELLING DEAN,,
Q1 Lakeside,5,352,8,RANGO TRON,-11.697787151595254,
Q1 Lakeside,6,352,1,NOAKI STAR,-6.675972890725414,
Q1 Lakeside,6,352,2,GOLDSTAR CRYSTAL,-14.258471862273879,
Q1 Lakeside,6,352,3,SUPER SEQUIOA,-13.344275637872983,
Q1 Lakeside,6,352,4,OXIDISATION,-9.914408058749832,
Q1 Lakeside,6,352,5,RAY'S ATTACK,-5.907295875239173,
Q1 Lakeside,6,352,6,HAVOC,-7.1198315545840725,
Q1 Lakeside,6,352,7,DONE BY NOON,-12.79314636558209,
Q1 Lakeside,6,352,8,FEDERAL JOKER,-13.0759728907254,
Q1 Lakeside,7,352,1,INSANE DANCER,-11.787599756464449,
Q1 Lakeside,7,352,2,MOJO BONE,-14.004948627894882,
Q1 Lakeside,7,352,3,GOLDSTAR GEORGE,-13.607952253749009,
Q1 Lakeside,7,352,4,ROSCOE RAY,-7.558030032744396,
Q1 Lakeside,7,352,5,KELLY'S WAY,-9.810764720613633,
Q1 Lakeside,7,352,6,BENTLEY ELSA,-4.788785808220997,
Q1 Lakeside,7,352,7,BLUE LAKODA,-4.162965131215379,
Q1 Lakeside,7,352,8,MIA'S MY GIRL,-25.055357898981722,
Q1 Lakeside,8,352,1,AUBURN QUEEN,-8.03382359857612,
Q1 Lakeside,8,352,2,TUTA QUEEN,-11.631786628743425,
Q1 Lakeside,8,352,3,GOLDSTAR HERB,-12.076885646687682,
Q1 Lakeside,8,352,4,AMREN,-10.774833206865607,
Q1 Lakeside,8,352,5,GALWAY MEG,-20.144931930960094,
Q1 Lakeside,8,352,6,SARAH STARFISH,-7.518840216827175,
Q1 Lakeside,8,352,7,TOP SHELF TIM,-9.264269515400738,
Q1 Lakeside,8,352,8,GRANDIOSE GIRL,-3.590258605011134,
Q1 Lakeside,9,352,1,CLEVERLY AVA,-11.821411234549208,
Q1 Lakeside,9,352,2,PARIS WILL WAIT,-4.218313987225275,
Q1 Lakeside,9,352,4,MILO DAVIS,-3.7829520791876363,
Q1 Lakeside,9,352,5,WHISKEY POWER,-7.215070226817522,
Q1 Lakeside,9,352,7,WHISPERING MIST,-5.425527593561989,
Q1 Lakeside,9,352,8,VIENNA ON CALL,-7.01883003358255,
Q1 Lakeside,10,352,1,BOWL CUT JEAN,-11.542217675691909,
Q1 Lakeside,10,352,2,MR. O'MALLEY,-3.7372386930254193,
Q1 Lakeside,10,352,3,SUPREME CHOICE,-7.3299483470144535,
Q1 Lakeside,10,352,4,ARKA SOLAR,-4.303315468126739,
Q1 Lakeside,10,352,5,GOLDSTAR HARMONY,-5.590258605011112,
Q1 Lakeside,10,352,6,MILLIE BEACH,-11.0294321142155,
Q1 Lakeside,10,352,7,SPRING MISTY,-6.461676914704744,
Q1 Lakeside,10,352,8,JUST TOMMY,-12.261702691191195,
Q1 Lakeside,11,352,1,MICKEY WILL,-12.91899613961893,
Q1 Lakeside,11,352,2,LUCORA,-8.265125369798826,
Q1 Lakeside,11,352,3,MINTER THRILL,-8.662739984644563,
Q1 Lakeside,11,352,4,HIGH GEARED,-3.267168995810342,
Q1 Lakeside,11,352,5,REDMAN JOHNNY,-10.519401891240813,
Q1 Lakeside,11,352,6,FORCE,-7.3433069072628445,
Q1 Lakeside,11,352,7,GOLDSTAR GRACE,-9.99025860501112,
Q1 Lakeside,11,352,8,TUKI BEACH,-7.578545171346915,
Q1 Lakeside,12,352,1,ELLIE'S LAD,-9.483073610516861,
Q1 Lakeside,12,352,2,BROTHER RONNY,-9.64203700678953,
Q1 Lakeside,12,352,3,GOLDSTAR RODNEY,-5.6759728907254,
Q1 Lakeside,12,352,4,DISCO ETHICS,-3.651862458981415,
Q1 Lakeside,12,352,5,ENTER WARP SPEED,-8.168887409999423,
Q1 Lakeside,12,352,6,SPRING TOULON,-12.488668700250432,
Q1 Lakeside,12,352,7,ACE DIVA,-5.81801508483326,
Q1 Lakeside,12,352,8,CHAMPAGNE FIZZ,-9.866663459691303,
Q1 Lakeside,13,352,1,CLIPPED,-12.778636965798988,
Q1 Lakeside,13,352,2,I'M FULLY AWARE,-1.5168957142880157,
Q1 Lakeside,13,352,3,NOAKI RADAR,-3.5031310909136897,
Q1 Lakeside,13,352,4,BONNIE IS BOUJEE,-5.82986783946852,
Q1 Lakeside,13,352,5,RUSTY ACES,-14.830476176882351,
Q1 Lakeside,13,352,6,AMAZING MILEY,-9.653359305313398,
Q1 Lakeside,13,352,7,GOLDSTAR KLEIN,-6.833105486133322,
Q1 Lakeside,13,352,8,HOPE MOO MOO,-8.747753632506148,
Q1 Lakeside,14,352,1,COALMAN JACK,-9.342321317073834,
Q1 Lakeside,14,352,2,SIRIUS SUZIE,-13.009630314382836,
Q1 Lakeside,14,352,3,SHIMMERING LIGHT,-9.35935423158689,
Q1 Lakeside,14,352,4,NINETYMILE WOW,-10.759060165027686,
Q1 Lakeside,14,352,5,SPRING TRAVIS,-9.933956741335512,
Q1 Lakeside,14,352,6,BOWLED SHANE,-15.820193627278105,
Q1 Lakeside,14,352,7,SIRIUS COCO,-10.504544319296842,
Q1 Lakeside,14,352,8,GALWAY GARTH,-18.335886123510445,
Richmond,1,320,1,HARRY UP,,
Richmond,1,320,2,WHY NOT ME,,
Richmond,1,320,4,INDIE FLY,-18.779224952591978,
Richmond,1,320,5,ALL ON BARNEY,-19.990867194659764,
Richmond,1,320,7,SHAMEFUL,,
Richmond,1,320,8,RAZOR'S SHINE,-15.455888051409573,
Richmond,2,320,1,FABIO PHOENIX,,
Richmond,2,320,2,NO EYE CONTACT,-16.421560522186628,
Richmond,2,320,3,MEMORIES WE MADE,,
Richmond,2,320,4,TEQUILA GIRL,,
Richmond,2,320,6,DARCY MAC,,
Richmond,2,320,7,SHAMELESS DREAM,,
Richmond,2,320,8,DAWN'S ONE,,
Richmond,3,320,1,DIRE,-19.940330707520836,
Richmond,3,320,2,CALLA TILLY,-9.753531551018762,
Richmond,3,320,3,IT'S NOON,-6.497542429912767,
Richmond,3,320,4,CHEEKY SLOY,-11.254766833164545,
Richmond,3,320,6,WICKED RAVEN,-7.696878278585641,
Richmond,3,320,7,NEAR IMPOSSIBLE,-8.604897141054836,
Richmond,3,320,8,SUNNYBROOK,-8.171620575858919,
Richmond,4,401,1,FOLLOW THE ACE,-17.813345560672612,
Richmond,4,401,2,CATCH ME DIVA,-6.452488541643431,
Richmond,4,401,3,SAM'S TEARS,-10.639181868447443,
Richmond,4,401,4,TOUCH OF VENOM,-11.99872558597716,
Richmond,4,401,5,CAN'T HURRY LOVE,-16.018354042656945,
Richmond,4,401,6,DEEP SPACE,,
Richmond,4,401,7,BARSTOOL DOLLARS,-12.026426865710153,
Richmond,4,401,8,GLOBAL TRACKER,-12.854997104289666,
Richmond,5,320,1,MCCATHERY,-12.09085685393367,
Richmond,5,320,2,JAN'S MEMORY,-8.65708224160467,
Richmond,5,320,3,CON CABANG,-14.867741016580146,
Richmond,5,320,4,MIDNIGHT STAR,-9.170286250014767,
Richmond,5,320,5,KING OF SECRETS,-11.635232144899637,
Richmond,5,320,6,BIG THUNDER,-7.228133682623138,
Richmond,5,320,7,MAGIC HULK,-13.633160888878418,
Richmond,5,320,8,LOBSTER ROLL,-13.202851396988573,
Richmond,6,520,1,BALMAHA,-12.418250509325556,
Richmond,6,520,2,VIVA LA ZIVA,-12.752193035193963,
Richmond,6,520,3,LOCO DOMINATOR,-8.93339080625146,
Richmond,6,520,4,CHANGRETTA,-13.310814121629102,
Richmond,6,520,5,ZIPPING ASHWIN,-16.273293619573654,
Richmond,6,520,6,TAMMY ROAD,-18.65506090624848,
Richmond,6,520,7,ZARUDE,-27.010918928751373,
Richmond,6,520,8,EBBY MOUSE,-10.182143293122127,
Richmond,7,520,1,TAKE A BREAK,-7.975881176766516,
Richmond,7,520,2,MISSILE BOY,-13.842754750096054,
Richmond,7,520,3,FRANKY'S BEST,-10.6502285058258,
Richmond,7,520,4,LOCO BOOM,-4.690740116139429,
Richmond,7,520,5,TERRA MAY,-11.166802957554605,
Richmond,7,520,6,MRS. BUTTONS,-10.74980410682401,
Richmond,7,520,7,SMART AUSSIE,-18.790380346762365,
Richmond,7,520,8,JUST BRAXTON,-14.133916354282828,
Richmond,8,401,1,SHADOW DASH,-10.39401333096476,
Richmond,8,401,2,LUCIA POWER,-12.953555198211925,
Richmond,8,401,3,HARRITA'S REBEL,-8.938271226084108,
Richmond,8,401,4,PAW ZEVA,-8.113781734438692,
Richmond,8,401,5,MARK TO MARKET,-6.722305681177682,
Richmond,8,401,6,ALL THE CASH,-12.154699077049562,
Richmond,8,401,7,SPRING GOOLAGONG,-11.741225869942815,
Richmond,8,401,8,NIRMADA,-8.888858902212977,
Richmond,9,320,1,ERINA CHARM,-11.305929705285534,
Richmond,9,320,2,TEN MILL SOCKET,-17.101452465004954,
Richmond,9,320,3,SNEAKY JADE,,
Richmond,9,320,4,CIAO CLEO,-16.927924317433344,
Richmond,9,320,5,FAST JENNY,-13.70860969576068,
Richmond,9,320,6,TRUE PROMISES,-8.237739098730511,
Richmond,9,320,7,URBAN VIVI,,
Richmond,9,320,8,SPRING SIGNAL,,
Richmond,10,320,1,BUSY MAN,-2.437302773911386,
Richmond,10,320,2,RED ROCK RATTLER,-4.1243541903431264,
Richmond,10,320,3,FEDERAL NOTICE,-5.216484008567312,
Richmond,10,320,4,QUEEN ERA,-3.0193784950286697,
Richmond,10,320,6,ALL CALM,-11.975937926008498,
Richmond,10,320,7,ZIPPING DELORIS,-1.195404183205111,
Richmond,10,320,8,GRID GIRL,-8.789907205244182,
Richmond,11,320,1,BROTHER CHARLM,-19.581755999799686,
Richmond,11,320,2,JAMES ALARM,-9.220611178880796,
Richmond,11,320,3,HARADA SOLO,-9.85761152612213,
Richmond,11,320,4,ACKNOWLEDGE ME,-16.198919382141792,
Richmond,11,320,6,GO GO SPIRIT,-7.3615565660423,
Richmond,11,320,7,CHEERS BILLY,-12.850736926937179,
Richmond,11,320,8,THREE HUNDRED,-11.786337127034681,
Rockhampton,1,407,1,EASY SELL,,
Rockhampton,1,407,2,DURAMBAH BEACH,-25.277306944009148,
Rockhampton,1,407,4,ROXY CAMBLA,,
Rockhampton,1,407,5,GALAXY GHOST,,
Rockhampton,1,407,7,MARLEY MILLIONS,,
Rockhampton,1,407,8,INDIGO BEACH,-19.261751550161637,
Rockhampton,2,407,1,MR. WANTED,-14.88765067837202,
Rockhampton,2,407,2,BELLA MATILDA,-10.851518063020118,
Rockhampton,2,407,3,SUNBURNT BUFFALO,-20.140170679576073,
Rockhampton,2,407,4,KING'S BEACH,-22.03332111239928,
Rockhampton,2,407,6,WHO SAID DONUTS,-22.128111510029978,
Rockhampton,2,407,7,TARIFF,-14.606663396310358,
Rockhampton,2,407,8,VELOCITY SHARRI,-23.712830137801472,
Rockhampton,3,407,1,SWEET LOLLIPOP,-8.024786615667171,
Rockhampton,3,407,2,GO GO CAMBLA,-8.927802726024067,
Rockhampton,3,407,4,PELORUS,-9.296343383373252,
Rockhampton,3,407,5,REGAL WOLF,-4.430423660068749,
Rockhampton,3,407,7,PLAY DIRTY,-12.178560070697142,
Rockhampton,3,407,8,CASE DISMISSED,-11.359526733623705,
Rockhampton,4,407,1,HUDSON RIVERLINE,-7.221793022827102,
Rockhampton,4,407,2,SIRIUS TODD,-9.640364132810063,
Rockhampton,4,407,4,BLAKE'S JOHN,-13.182945830340646,
Rockhampton,4,407,5,DROPPING GEARS,-11.12615743929626,
Rockhampton,4,407,7,ZIPPITY ZEAL,-13.889693215418125,
Rockhampton,4,407,8,CAMBLA BLISS,-7.392187857626544,
Rockhampton,5,407,1,QUINLAN,-13.616560560401556,
Rockhampton,5,407,2,CAMBLA DIVA,-2.870659868881209,
Rockhampton,5,407,3,WATEGO'S BEACH,-9.097506989952928,
Rockhampton,5,407,4,ASTON HAYES,-14.597318631102572,
Rockhampton,5,407,6,LISSY'S GEM,-6.673315990007279,
Rockhampton,5,407,7,HOLD THE GAVEL,-14.175098514091825,
Rockhampton,5,407,8,LONE HUNTER,-11.632493057495012,
Rockhampton,6,407,1,LEGAL RESULT,-15.051339698465615,
Rockhampton,6,407,2,JESTER BEACH,-15.790529385319996,
Rockhampton,6,407,3,ZIPPING BONANZA,-12.168604368249474,
Rockhampton,6,407,4,ROSA'S ROBBIE,-15.524397423408535,
Rockhampton,6,407,6,SWERVE,-13.401852231497333,
Rockhampton,6,407,7,BARGARA KILLIAN,-13.042127406790744,
Rockhampton,6,407,8,AVIATOR,-12.825140764312016,
Rockhampton,7,407,1,MR. WILLIAMS,-13.875973853509336,
Rockhampton,7,407,2,MUSTANG BEACH,-16.622817779995255,
Rockhampton,7,407,3,ROCKIN' WITH IT,-13.221422034531574,
Rockhampton,7,407,4,VALIDATED,-14.50454528208076,
Rockhampton,7,407,5,ROSA'S SHORTY,-19.81011170912281,
Rockhampton,7,407,6,TIGER TOMMY,-13.856375054512657,
Rockhampton,7,407,7,LEGENDS TOLD,-14.302942688213795,
Rockhampton,7,407,8,CAMBLA SENSEI,-15.828372618948404,
Rockhampton,8,407,1,AWESOME CAMBLA,-12.533272255338675,
Rockhampton,8,407,2,SORRENTO BEACH,-19.52855518315817,
Rockhampton,8,407,3,VELOCITY KIRRILY,-19.326560077947093,
Rockhampton,8,407,4,SHE'S FULL ON,-15.299975265555208,
Rockhampton,8,407,6,WHERE'S MY BEER,-12.987793145328633,
Rockhampton,8,407,7,JAGGERY,-12.416173132864426,
Rockhampton,8,407,8,BLACKJACK BOB,-10.716342558087783,
Rockhampton,9,407,1,AGRARI BEACH,-14.804608693018773,
Rockhampton,9,407,2,MARTIAN,-10.724161969424681,
Rockhampton,9,407,3,DREAM TRAIN,-12.832070568761859,
Rockhampton,9,407,4,NOVELIST,-18.71274957605268,
Rockhampton,9,407,6,TUSKEN TIGER,-14.159030275721557,
Rockhampton,9,407,7,POWERED BY PRADO,-28.378312641157862,
Rockhampton,9,407,8,REALIGNMENT,-16.176037264447356,
Sale,1,435,1,AWE PEANUT,-9.697699711263216,1.05
Sale,1,435,2,BOMBER'S JACK,,1.05
Sale,1,435,3,PACIFIC POPPY,,1.05
Sale,1,435,4,GOT MY MOJO,-27.96054683620876,1.05
Sale,1,435,5,BLAZING GIRL,-16.953410072929735,1.05
Sale,1,435,7,OPALS HOT,-21.926618011428616,1.05
Sale,1,435,8,DR. QUIBBLE,-20.342438129507872,1.05
Sale,2,435,1,BOIL THE BILLY,-23.328525017815952,1.05
Sale,2,435,3,DR. TANYA,-20.337486869076947,1.05
Sale,2,435,4,DR. OTHELLO,,1.05
Sale,2,435,5,OLD HABITS,,1.05
Sale,2,435,6,RAY CHOICE,,1.05
Sale,2,435,7,VENETIAN BELLE,,1.05
Sale,2,435,8,MRS. QUICKSAND,-11.719024881730885,1.05
Sale,3,435,1,SKILL ISSUE,,1.05
Sale,3,435,2,COMANCHE CHIEF,-17.62292012359226,1.05
Sale,3,435,3,DISCO COWGIRL,,1.05
Sale,3,435,4,DR. VIENNA,-27.03420055059836,1.05
Sale,3,435,5,WOODSIDE WOMBAT,,1.05
Sale,3,435,6,CHEERS CHIPS,-20.344674906299026,1.05
Sale,3,435,7,MACALISTER ABBY,-25.29855627508811,1.05
Sale,3,435,8,DR. AURORA,-21.02868471696004,1.05
Sale,4,435,1,WISE SCARLET,-21.62915768070337,1.05
Sale,4,435,2,RUSSEL,-18.30067763982165,1.05
Sale,4,435,3,AKINA SARI,,1.05
Sale,4,435,4,DR. EMILIA,-17.69895990072656,1.05
Sale,4,435,5,PRETTY TREASURE,-18.65239995717725,1.05
Sale,4,435,6,JADE'S HOT,-18.829488077860223,1.05
Sale,4,435,7,GRIT,-16.31225841325349,1.05
Sale,4,435,8,COURT'S EDGE,-19.622288769481504,1.05
Sale,5,435,1,AKINA CRUSADER,-17.080329909917875,1.05
Sale,5,435,2,DR. ANNE,-18.89983519822527,1.05
Sale,5,435,3,GET A GRIP,-13.631869406373472,1.05
Sale,5,435,4,BE YOU,-12.628523570141402,1.05
Sale,5,435,5,TWO BAYS,-18.103037437893477,1.05
Sale,5,435,6,MR. PUDDLES,-11.54715408132108,1.05
Sale,5,435,7,WARRIOR ETHAN,-13.563453213365387,1.05
Sale,5,435,8,OCTOBER RAIN,-30.747374297212655,1.05
Sale,6,435,1,MISS JECKELL,-14.271961800901698,1.05
Sale,6,435,3,BE RUGGED,-16.71211188794527,1.05
Sale,6,435,4,JESSICA PEARSON,-19.03015357774103,1.05
Sale,6,435,5,GASLIGHT CAPERS,-13.158910111967689,1.05
Sale,6,435,6,WHISKY NINJA,-18.19832617528886,1.05
Sale,6,435,7,MADALIA ZOOM,-17.109129621300987,1.05
Sale,6,435,8,DISCO GIZMO,-19.22433561205028,1.05
Sale,7,510,1,YORKSHIRE GIRL,-17.785082635417815,1.05
Sale,7,510,2,GREEN FROG CAFE,-20.73183360658358,1.05
Sale,7,510,3,REEL SWEET,-22.445529990827744,1.05
Sale,7,510,4,BOMBERS LUCKNOW,-21.896217104924155,1.05
Sale,7,510,5,HARD COPY,-20.333126154022388,1.05
Sale,7,510,6,BLACK SMILEY,-18.437288223189,1.05
Sale,7,510,7,TRUST DEED,-16.17704720283792,1.05
Sale,7,510,8,HEAD OF STAFF,,1.05
Sale,8,510,1,PAW ALEXIS,-13.76166005646428,1.05
Sale,8,510,2,ELLE GEM,-19.684113101949226,1.05
Sale,8,510,3,LAKEVIEW KIM,-17.038499605619496,1.05
Sale,8,510,4,DR. KAI,-21.303149526123907,1.05
Sale,8,510,5,MADALIA TIPPER,-19.38668400207675,1.05
Sale,8,510,6,MAGICAL PAWS,-18.090869818286112,1.05
Sale,8,510,7,BE A CHARACTER,-14.772834095684379,1.05
Sale,8,510,8,JOBS ON,-8.448636149230634,1.05
Sale,9,435,1,BE A COWBOY,-9.550730182895931,1.05
Sale,9,435,2,WOODSIDE FOX,-22.379317633785497,1.05
Sale,9,435,3,BOMBER'S ROCKIN',-27.29852762770646,1.05
Sale,9,435,4,CORRYONG,-24.20984194904482,1.05
Sale,9,435,5,SUB STATION,-20.782700570666858,1.05
Sale,9,435,6,MISS INDI BEAR,-15.322884648575416,1.05
Sale,9,435,7,LUCKY HARPER,-16.782524933127448,1.05
Sale,9,435,8,NEWBROCK TILLY,-22.970407933781765,1.05
Sale,10,435,1,CRYPTO ROYALTY,-12.078625849883062,1.05
Sale,10,435,2,JAIRON BALE,-14.511600489639639,1.05
Sale,10,435,3,ROLLING COAL,-14.603598263362723,1.05
Sale,10,435,4,DR. CHARLOTTE,-14.146542021791381,1.05
Sale,10,435,5,DOCTOR MINTY,-13.321614932359676,1.05
Sale,10,435,6,MALLY BOY,-16.863824994469333,1.05
Sale,10,435,7,INDI GOES BANG,-8.058770597464882,1.05
Sale,10,435,8,JAMS NIMBLE,-13.747271070715144,1.05
Sale,11,435,1,WOODSIDE CRUISER,-15.95085319930153,1.05
Sale,11,435,2,DR. LEONI,-16.484566731132375,1.05
Sale,11,435,3,DR. KATARINA,-17.152877827924755,1.05
Sale,11,435,4,SOMERTON ANN,-18.373453174633195,1.05
Sale,11,435,5,COLLINDA DOUGIE,-11.986337802348633,1.05
Sale,11,435,7,TAKE THE EDGE,-9.990421637838434,1.05
Sale,11,435,8,IRINKA ASHLEY,-14.658279947089715,1.05
Sale,12,435,1,GEOFF'S BOMBER,-18.884414183336634,1.05
Sale,12,435,2,QUICK RESPONSE,-21.04116929247915,1.05
Sale,12,435,3,ROMAN EMPIRE,-19.88474363671861,1.05
Sale,12,435,4,DR. NATASHA,-17.676960896306905,1.05
Sale,12,435,5,DUSTY OLD ROAD,-20.811343549894378,1.05
Sale,12,435,6,BEFORE NOON,-21.396269820933174,1.05
Sale,12,435,7,PETITE BEAST,-15.16513630106932,1.05
Sale,12,435,8,CHRISTA'S GIRL,-19.670123729392316,1.05
Taree,1,300,1,BLUE LEGEND,,
Taree,1,300,2,MADAME VIERI,-14.16841165772619,
Taree,1,300,3,WATCH HER WIN,,
Taree,1,300,4,DOUGLAS,,
Taree,1,300,5,IVY STAR,-14.698307047427676,
Taree,1,300,6,PRINCESS ENERGY,-13.646845124153845,
Taree,1,300,7,RADIANT MISS,-19.22035048849866,
Taree,1,300,8,MIRACLE JACK,,
Taree,2,300,1,RADLEY ERSKIN,-6.055267567293929,
Taree,2,300,2,GOOD PUB FEED,-13.70435211930931,
Taree,2,300,3,BOLT BLASTER,-11.482801545641243,
Taree,2,300,4,JAKE PERALTA,-8.335154043558326,
Taree,2,300,5,TWELVE MEN,-12.117092865154808,
Taree,2,300,6,KEYLIN,-10.59635379848498,
Taree,2,300,7,KIARNI BOLT,-7.185073156981422,
Taree,2,300,8,KEYNAN,-14.51106233421647,
Taree,3,300,1,MAJESTIC TYSON,-8.451222872224907,
Taree,3,300,2,MY MOON SHADOW,-9.052764112745978,
Taree,3,300,3,ASTON PRESIDENT,-8.325372202001349,
Taree,3,300,4,LET'S TROT VIXEN,-8.661087888565149,
Taree,3,300,5,OVERRIDING,-9.394023688085761,
Taree,3,300,6,MALMSTEEN,-11.56453918987481,
Taree,3,300,7,BAREFOOT CHAOS,-8.827541677091885,
Taree,3,300,8,MAJESTIC JOJO,-11.896740490953908,
Taree,4,300,1,SEMTEX,-9.85268554911445,
Taree,4,300,2,DYNAMIC REBEL,-6.421558230709225,
Taree,4,300,3,CYCLONE SEBAS,-7.0476634254184365,
Taree,4,300,4,BELTONE BOY,-8.131946692711242,
Taree,4,300,5,MEKONG RUBY,-10.928352269427767,
Taree,4,300,6,KAWASAKI GIRL,-7.753719801111613,
Taree,4,300,7,WALTZIN' ETHICS,-9.086073828080941,
Taree,4,300,8,TIP TOP TIGER,-7.547594636441014,
Taree,5,300,1,PARK KEY PAW,-7.310814610471596,
Taree,5,300,2,TOMMIE'S BRIDE,-3.3688556648640615,
Taree,5,300,3,CHAMPAGNE BLISS,-3.7385041549231266,
Taree,5,300,4,MIDNIGHT DASH,-4.793041169015105,
Taree,5,300,5,MISS CLARENCE,-10.390132453956147,
Taree,5,300,6,GIDEON'S RIOT,-5.7565352317327,
Taree,5,300,7,REEL'EM CHAPPO,-10.930084358665763,
Taree,5,300,8,GOLDEN SUNSET,-4.344445096109452,
Taree,6,525,1,CHRISTIE ROAD,-8.925148854385904,
Taree,6,525,2,WATCH THE SHOW,-20.077996199120143,
Taree,6,525,3,KIPYEGON,-16.720609353264003,
Taree,6,525,4,FLINTSTONE BOY,-18.40623181618181,
Taree,6,525,5,SAMSON'S RIOT,-12.061399773469393,
Taree,6,525,6,FLAT OUT FRED,-14.896509048029737,
Taree,6,525,7,SUNBURNT KEEPER,-11.369640252366437,
Taree,6,525,8,VICIOUS BOY,-17.96684254904129,
Taree,7,525,1,MS. WOW,-18.44022505192662,
Taree,7,525,2,KIARNI BAD GIRL,-11.544677812031244,
Taree,7,525,3,SHANGHAI SPY,-17.167094361287536,
Taree,7,525,4,SHERRY NOT BERRY,-6.071350006791952,
Taree,7,525,5,IT'S A GLAM,-18.088543922402863,
Taree,7,525,6,RITZY ETHICS,-13.047653009017873,
Taree,7,525,7,KIARNI PHOENIX,-10.763526287228625,
Taree,7,525,8,CUNDLE ZACK,-8.768924745987887,
Taree,8,525,1,WILD OCTANE,-15.241764831508002,
Taree,8,525,2,MAJOR FLIRT,-12.68854392240286,
Taree,8,525,3,KIARNI PHANTOM,-10.342095135754395,
Taree,8,525,4,LAST SHOT RIPPER,-14.818084238312869,
Taree,8,525,5,GLITZY ETHICS,-11.562088824205006,
Taree,8,525,6,ZIPPING VIVID,-10.43749830140927,
Taree,8,525,7,MY WARRIOR,-8.157914403055191,
Taree,8,525,8,SHREWD ETHICS,-5.277400361919694,
Taree,9,300,1,LITTLE CLIFFY,-9.753853946759481,
Taree,9,300,2,COLIN KEEPING,-8.466681901474693,
Taree,9,300,3,MAJESTIC FRED,-11.2021352043629,
Taree,9,300,4,NATURE BOY,-9.975193228158071,
Taree,9,300,5,TRALEE AIMEE,-8.898670971593386,
Taree,9,300,6,MARRA LAD,-9.473010550903005,
Taree,9,300,7,OCEAN'S PEARL,-5.792913493931386,
Taree,9,300,8,AL CAN DO,-7.084559769490786,
Taree,10,300,1,BALLYNEALE FLASH,,
Taree,10,300,2,LITTLE BIT SUPER,-5.00474844750836,
Taree,10,300,3,WHITE KEY HOLE,-6.705184767975791,
Taree,10,300,4,ROCKY GALVIN,-11.856881691909905,
Taree,10,300,5,TIGER LIKE,-9.650302065301423,
Taree,10,300,6,IOMMI,-11.241477638977253,
Taree,10,300,7,ROBELL CEASER,-13.624072216892722,
Taree,10,300,8,TANGLES TIPPETT,-8.197496174559317,
Taree,11,300,1,REMISSION RUN,-10.147293788318379,
Taree,11,300,2,LITTLE KAOS,-15.058688503557232,
Taree,11,300,3,WONKY KEY DONKEY,-7.923620907544517,
Taree,11,300,4,VERY SAVAGE,,
Taree,11,300,5,JUST A JOY,,
Taree,11,300,6,FASCINATE OLIVER,,
Taree,11,300,7,LOCHINVAR GRACE,-10.956754577896987,
Taree,11,300,8,FLYING MINTER,-14.13960397403917,
Taree,12,300,1,TRALEE CHARLIE,-15.92450341518084,
Taree,12,300,2,HEART DESIRES,-18.21303900040417,
Taree,12,300,3,RENEE'S WAY,-17.499481069386086,
Taree,12,300,4,WOW GIRL,-12.160197944816982,
Taree,12,300,5,WHITE EARNER,-16.44719302142284,
Taree,12,300,6,RUSTY WHACKER,-20.284149891477053,
Taree,12,300,7,KICK ON KATE,-22.249002977127756,
Taree,12,300,8,BILL'S MATE,-19.518970178857614,
Temora,1,330,1,JACOBITE BOUNCE,-15.857514657762437,
Temora,1,330,2,REEFTON WRECKER,-19.00474372247257,
Temora,1,330,3,TRUST A PROCESS,-17.276721473170632,
Temora,1,330,4,SUGAR BUG,,
Temora,1,330,5,JACOBITE BATTLE,-12.372044831824912,
Temora,1,330,6,SPRING MARILYN,-12.942548822295004,
Temora,1,330,7,EVEN IF,,
Temora,1,330,8,SHADY LANE,,
Temora,2,330,1,TOTALLY DELUDED,-9.84906816446487,
Temora,2,330,2,TIGGERLONG GILL,-6.219422190850027,
Temora,2,330,3,NANGAR ARCHIE,-2.25631918556482,
Temora,2,330,4,MY MATE TIMMY,-8.376037970251073,
Temora,2,330,6,TRIXIE'S CHANCE,-11.739637179108906,
Temora,2,330,7,TALAKAI,-10.325459364225193,
Temora,2,330,8,TIGGERLONG SASSY,-11.429284588137893,
Temora,3,457,1,LUMEAH THUNDER,-10.363145610385093,
Temora,3,457,2,HEY MARTY,,
Temora,3,457,3,MAGIC BREAKOUT,-12.847577981574094,
Temora,3,457,4,SMOKIN' WAL,-11.227072848305605,
Temora,3,457,6,MASTER MCGRAW,,
Temora,3,457,7,SLICK CHANCE,-11.015373119562994,
Temora,3,457,8,TEMORA TERROR,-8.083512418703336,
Temora,4,330,1,LEDGER'S DESIRE,-5.6776395930363055,
Temora,4,330,2,BENNY MOKO,-13.602416132458362,
Temora,4,330,3,DARK LAW,-11.6498698069443,
Temora,4,330,4,OSCAR TITUS,-15.518895113108215,
Temora,4,330,6,WESTSIDE THUNDER,-16.418439648641453,
Temora,4,330,7,BLACK GRANITE,-10.108147557661464,
Temora,4,330,8,LEG IT LUCY,-9.848274865453343,
Temora,5,330,1,GEAR FIVE,-10.946675211451344,
Temora,5,330,2,ONLY OLLIE,-15.347189132635046,
Temora,5,330,3,SIR REGGIE,-12.890323684536781,
Temora,5,330,4,ASTON ZELDA,-11.855212625149294,
Temora,5,330,6,TRUFFLES GIRL,-10.954229242441766,
Temora,5,330,7,ALPHONSE,-14.805509631479708,
Temora,5,330,8,ROTO ROAD,-9.920164402322163,
Temora,6,330,1,LONE RUSTLER,-16.469984702585606,
Temora,6,330,2,TIME FOR TEA,-10.547466541679627,
Temora,6,330,3,PAW ULTRON,-12.562982590467225,
Temora,6,330,4,JUST STOP IT,-14.777403039014937,
Temora,6,330,6,ASTON ROWE,-15.715266897359978,
Temora,6,330,7,MANILA SHELBY,-17.81866841521594,
Temora,6,330,8,LONE DAZZLER,-11.834434387099119,
Temora,7,330,1,LUCY VALENTINE,-14.099115905961279,
Temora,7,330,2,DOLLY'S HOPE,-7.405645366182354,
Temora,7,330,3,POLKA DOT PINK,-5.230571304061053,
Temora,7,330,4,WESTSIDE BULLET,-10.693439553869371,
Temora,7,330,6,RUPEE SHARK,-3.4617234633689415,
Temora,7,330,7,SCARLET'S DESIRE,-12.082449417913557,
Temora,7,330,8,DANA BILLY,-9.78839974865445,
Temora,8,330,1,MALA ANGEL,-12.433204337641861,
Temora,8,330,2,MISS FAHRENHEIT,-4.279265312526264,
Temora,8,330,3,SASHA KEEPING,-9.918895113108212,
Temora,8,330,4,WESTSIDE BLISS,-9.799822461651422,
Temora,8,330,6,WESTSIDE STORM,-4.6617522559653555,
Temora,8,330,7,SHIMA SNAKE,-14.634014329754894,
Temora,8,330,8,FULLY EQUIPPED,-8.890323684536785,
Temora,9,330,1,RUN BINDI RUN,-7.2046093988225,
Temora,9,330,2,WINNIE ROCK,-15.541123582373903,
Temora,9,330,3,INDECISION,-14.920327290145266,
Temora,9,330,4,LONE SIZZLER,-11.118895113108218,
Temora,9,330,5,JACOBITE KNIFE,-10.174788964381637,
Temora,9,330,6,BILLIE GIRL,-14.253610386222828,
Temora,9,330,7,JACOBITE WREN,-15.543473403253472,
Temora,9,330,8,ASHLEY'S ANGEL,-16.340873314074283,
Temora,10,330,1,TAMMY TURBO,-17.882964653625095,
Temora,10,330,2,DANA JAY,-12.918895113108203,
Temora,10,330,3,WHAT'S THAT PAL,-23.633369794346827,
Temora,10,330,4,SLY STICKER,-13.107213919564106,
Temora,10,330,5,BUDDY MOSES,-14.836296696726501,
Temora,10,330,6,WHAT A ROUGHY,-23.167139306787508,
Temora,10,330,7,MAGICAL MAURICE,-16.29333667701133,
Temora,10,330,8,LONE CHIME,-17.94347340325348,
